tahun;kecamatan ;desa ;tgl kejadian;jenis bencana;jumlah kejadian;korban jiwa;ruksak berat;ruksak sedang;rusak rigan
2019;Pakenjeng;Wangunjaya ;02/01/2019;Pergerakan Tanah;1;;;;
2019;Pamulihan;Panawa;02/01/2019;Sambaran petir;1;;;;
2019;Pakenjeng;pasir langu;05/01/2019;Pergerakan Tanah;1;;;;
2019;Pakenjeng;Wangunjaya ;03/01/2019;Tanah Longsor;1;;;;
2019;Pasirwangi;Sarimukti;05/01/2019;Kebakaran Rumah;1;;;;
2019;Pendeuy;Sukanagara;09/01/2019;Kebakaran Rumah;1;5;;1;
2019;Talegong;Sukamulya;09/01/2019;Tanah Longsor;1;;;;
2019;Pendeuy;Toblong;09/01/2019;Tanah Longsor;1;;;;
2019;Pamulihan;Pakenjeng;09/01/2019;Tanah Longsor;1;;;;
2019;Talegong;Sukamulya;10/01/2019;Tanah Longsor;1;;;;
2019;Cisompet;Neglasari;10/01/2019;Tanah Longsor;1;;;;
2019;Cisompet;Neglasari;10/01/2019;Pergerakan Tanah;1;108;1;;
2019;Cigedug;Barusuda;11/01/2019;Banjir Bandang;1;;3;1;
2019;Tarogong Kidul;Sukajaya;11/01/2019;Angin Puting Beliung;1;20;1;;
2019;Tarogong Kidul;Sukakarya;11/01/2019;Angin Puting Beliung;1;;;;
2019;Tarogong Kidul;Haur Panggung;11/01/2019;Angin Puting Beliung;1;;;;
2019;Karang tengah;Cintamanik;12/01/2019;Tanah Longsor;1;;;;
2019;Cikajang;Padasuka;12/01/2019;Rumah Roboh;1;;1;;
2019;Cisewu;Sukajaya;13/01/2019;Tanah Longsor;1;;;;
2019;Sukawening;Sukaluyu;14/01/2019;Rumah Roboh;1;;;;
2019;Tarogong Kidul;Haur Panggung;15/01/2019;Rumah Roboh;1;;;;
2019;Cibatu;Cibatu;18/01/2019;Pergerakan Tanah;1;4;;1;
2019;Bayongbong ;Panembong;19/01/2019;Banjir;1;1;;;
2019;Samarang;Cintakarya;19/01/2019;Tanah Longsor;1;;;;
2019;Pasirwangi;Sirnajaya;19/01/2019;Kebakaran Rumah;1;;;;
2019;Pasirwangi;Sirnajaya;19/01/2019;Kebakaran Rumah;1;;;;
2019;Bayongbong ;Hegarmanah;19/01/2019;Banjir;1;;;;
2019;Bayongbong ;Salakuray;19/01/2019;Banjir;1;170;2;3;
2019;Cigedug;Barusuda;19/01/2019;Tanah Longsor;1;;;;
2019;Tarogong Kidul;Haur Panggung;19/01/2019;Banjir;1;902;;;
2019;Bungbulang;Bungbulang;24/01/2019;Angin Puting Beliung;1;60;;;
2019;singayaja;singajaya;26/01/2019;Kebakaran Rumah;1;;;;
2019;Cisewu;Cisewu;27/01/2019;Kebakaran Rumah;1;5;1;;
2019;Sukawening;Pasanggrahan;28/01/2019;Rumah Roboh;1;;;;
2019;Cikelet;Linggamanik;30/01/2019;Banjir dan Longsor;1;5;;;
2019;Pameungpeuk;Pameungpeuk;30/01/2019;Banjir;1;;;;
2019;Pameungpeuk;Bojong kiduul;30/01/2019;Banjir;1;;;;
2019;Samarang;Cisarua;31/01/2019;Kebakaran Rumah;1;4;1;;
2019;Banyuresmi;Dangdeur;18/02/2019;Angin Puting Beliung;1;40;;;9
2019;Garut kota;Kota Wetan;03/01/2019;Kebakaran Kabel Listrik;1;;;;
2019;Cikajang;Mekarjaya;03/01/2019;Tanah Longsor;1;196;;;
2019;Cisurupan;Karamat Wangi;01/02/2019;Lainnya;1;;;;
2019;cilawu;karya mekar;03/02/2019;Rumah ambruk;1;;1;;
2019;Cisurupan;Tambakbaya;02/02/2019;Bangunan Amblas;1;;1;;
2019;Pasirwangi;Pasirkiamis;03/02/2019;Tanah Longsor;3;;;;
2019;Cigedug;Sindangsari;03/04/2019;Bansor;2;80;;2;
2019;Bayongbong;Ciburuy;04/04/2019;banjir;1;;;;
2019;Sukaresmi;Sukaresmi;03/04/2019;Lainnya;1;;;;
2019;Cigedug;Barusuda;03/04/2019;Banjir;1;;;;
2019;Cigedug;Cintanagara;03/04/2019;Tanah Longsor;1;;;8;2
2019;Selaawi;Samida;03/05/2019;Tanah Longsor;1;;;;
2019;Selaawi;Cirapuhan;03/05/2019;Tanah Longsor;1;;;;
2019;Karangpawitan;Lebak Jaya;03/06/2019;Kebakaran Gudang;1;;1;;
2019;Talegong;Mekarwangi;03/06/2019;Longsor;1;;3;2;1
2019;cisewu;pasir anjing;03/06/2019;longsor;1;;;;
2019;Bayongbong;Sukasenang;04/06/2019;Tanah Longsor;1;;;;
2019;cibatu;mekarsari;03/07/2019;Rumah ambruk;1;4;1;;
2019;Leles;sukarame;03/08/2019;Tanah Longsor;1; ;; ; 
2019;Cibatu;Mekarsari;04/08/2019;Bangunan Roboh;1;;;;
2019;Bungbulang;Cihikeu;03/09/2019;Kebakaran Rumah;1;;;;1
2019;Limbangan;Cijolang;03/09/2019;Kebakaran Rumah;1;;;;
2019;leles ;dano ;03/11/2019;Sambaran Petir;1;12;;1;2
2019;Karangpawitan;Situsaeur;03/12/2019;Rumah Ambruk;1;;;1;
2019;Pamulihan;Panyindangan;14/03/2019;Pohon Tumbang;1;5;;1;
2019;Garut kota;Sukamentri;15/3/2019;Orang Tenggelam;1;1;;;
2019;Cisompet;Neglasari;16/3/2019;Tanah Longsor;1;;;;
2019;Cikajang;Padasuka;17/03/2019;Kebakaran Rumah;1;12;2;1;
2019;pasirwangi;Pasirwangi;20/3/2020;Banjir;1;;;;
2019;Pamulihan;Pakenjeng;22/03/2019;Tanah Longsor;1;;;;
2019;Pamulihan;Linggarjati;22/03/2020;Tanah Longsor;1;;;;
2019;Pamulihan;Garumukti;22/03/2021;Tanah Longsor;1;;;;
2019;cibatu;Keresek;22/03/2018;Sambaran Petir;1;;;;1
2019;Cisurupan ;Sukatani;22/03/2018;Banjir;1;;;;
2019;Cikajang;Mekarsari;22/03/2019;Banjir;1;;;;
2019;Pakenjeng;Wangunjaya;22/03/2019;Tanah Longsor;1;;2;;
2019;Pakenjeng;Pasirlangu;22/03/2020;Tanah Longsor;1;;;;
2019;Pakenjeng;Depok;22/03/2021;Tanah Longsor;1;;;;
2019;Pakenjeng;Jatiwangi;22/03/2022;Tanah Longsor;1;;;;
2019;Pamulihan;Pananjung;25/03/2019;Tanah Longsor;1;;;;
2019;Cisewu;Nyalindung;25/03/2019;Tanah Longsor;1;;;;
2019;Tarogong Kaler;Jati ;27/03/2019;Banjir;1;100;;;
2019;Banyuresmi;Sukasenang;27/03/2019;Banjir;1;18;;;
2019;Tarogong Kidul;Jati ;27/03/2019;Banjir;1;;;;
2019;Garut kota;Ciwalen;27/03/2019;Banjir;1;;;;
2019;Tarogong Kidul;Jayaraga;27/03/2019;Banjir;1;4;;;1
2019;Kadungora;Neglasari;27/03/2019;Banjir;1;;;;2
2019;Banyuresmi;Sukasenang;27/03/2019;Banjir;1;;;;
2019;Tarogong Kidul;Haurpanggung;27/03/2019;Banjir;1;8;;1;
2019;Kadungora;Tanggulung;27/03/2019;Banjir;1;;;;
2019;Cibatu;Sukalilah;27/03/2019;Tanah Longsor;1;8;2;;
2019;Tarogong Kidul;Jayawaras;27/03/2019;Tanah Longsor;1;;2;;
2019;Garut kota;Sukanegla;27/03/2019;Tanah Longsor;1;;;1;
2019;Cibatu;Mekarsari;28/03/2019;Tanah Longsor;1;;1;;
2019;Tarogong Kidul;Jayawaras;28/03/2019;Bangunan Roboh;1;;;;1
2019;Pasir wangi;pasir wangi;29/03/2019;banjir;1;;;;
2019;Tarogong Kidul;jayawaras;31/03/2019;Rumah Roboh;1;;;;1
2019;Kadungora;Neglasari;04/01/2019;Banjir;1;;;;
2019;Pakenjeng ;Pasirlanggu ;04/03/2019;Kebakaran Rumah;1;;;;
2019;Cibiuk ;Cipareuan;04/03/2019;Rumah Roboh;1;;1;;
2019;Talegong;Sukamulya;04/04/2019;Tanah Longsor;1;;;;
2019;Bayongbong;Mulyasari;04/04/2019;Tanah Longsor;1;4;;;
2019;Tarogong Kidul;Haurpanggung;04/04/2019;Banjir;1;;;;
2019;Tarogong Kidul;Jayawaras;04/04/2019;Banjir;;;;;
2019;Talegong;Sukamulya;04/04/2019;Tanah Longsor;1;;;;
2019;Tarogong kidul;cibunar;04/05/2019;Tanah Longsor;1;;;;
2019;Pamulihan ;Pananjung;04/05/2019;Tanah Longsor ;1;;3;;
2019;Pamulihan ;;00/01/1900;Pergerakan Tanah;1;;;;1
2019;Singajaya ;cigintung ;04/05/2019;Kebakaran Rumah;1;;1;;
2019;Tarogong Kidul;Jayawaras;04/06/2019;Tanah Longsor;1;8;1;;
2019;Tarogong Kidul;Cibunar;04/06/2019;Tanah Longsor;2;;;;
2019;Kadungora;Tanggulun;04/06/2019;Tanah Longsor;1;;;;
2019;Kadungora;Mandalasari;04/06/2019;Tanah Longsor;1;;;;
2019;Pamulihan ;Pakenjeng;04/07/2019;Tanah Longsor;1;;;;
2019;Leles;Margaluyu;04/07/2019;Rumah Roboh;1;;;;1
2019;Leles;Leles;04/07/2019;Banjir;1;;;;
2019;Leles;Sukarame;04/08/2019;Tanah Longsor;1;;;1;
2019;Singajaya ;cigintung ;04/08/2019;Kebakaran Rumah;1;4;;;
2019;Pangatikan;Sukahurip;04/09/2019;Tanah Longsor;1;;;;
2019;Banyuresmi;Sukasenang;04/11/2019;Banjir;1;;;1;
2019;Tarogong Kidul;Tarogong;04/11/2019;Banjir;1;;;;
2019;Tarogong Kidul;Tarogong;04/11/2019;Banjir;;;;;
2019;Cisompet;Sindangsari;04/11/2019;Orang Tenggelam;1;;;;
2019;Tarogong Kidul;Cibunar;04/11/2019;Rumah Roboh;1;;;1;
2019;Tarogong Kidul;Sukajaya;04/11/2019;Rumah Roboh;;;;1;
2019;Cikelet;Pamalayan;04/11/2019;Orang Tenggelam;1;;;;
2019;Garut Kota;Ciwalen;04/12/2019;Banjir;1;;;;
2019;Pameungpeuk;Mancagahar;04/12/2019;Kebakaran Rumah;1;;;;
2019;Karangtengah;Caringin;04/12/2019;Tanah Longsor;1;;1;;
2019;malangbong;cibunar;13/4/2019;Pergerakan Tanah;1;;;;
2019;cisewu;girimukti;15/4/2019;Banjir Bandang;1;;;;
2019;cisewu;girimukti;15/4/2020;Tanah Longsor;1;;;;
2019;Cihurip;Cihurip;16/4/2019;Tanah Longsor;1;;;;
2019;Cibatu;Kertajaya;16/4/2019;Rumah Roboh;1;;;;
2019;Bungbulang;Sinarjaya;21/4/2019;Tanah Longsor;1;;;;
2019;Garut kota;Ciwalen;29/4/2019;Pohon tumbang;1;;;;
2019;Garut Kota;Paminggir;05/02/2019;Penemuan Mayat;1;1;;;
2019;Tarogong Kaler;Cimanganten;05/02/2019;Kebakaran Rumah;1;;;;
2019;Kadungora;Cikembulan;05/04/2019;Banjir;1;;;;
2019;Banjarwangi;Tanjungjaya;05/05/2019;Banjir;1;145;1;;
2019;Banjarwangi;Tanjungjaya;05/05/2019;Tanah Longsor;1;;;;
2019;Leuwigoong;Sindangsari;05/06/2019;Penemuan Mayat;1;1;;;
2019;Karangpawitan;Lebak Jaya;17/5/2019;Kebakaran Rumah;1;;1;;
2019;Mekarmukti;Cilawu;25/05/2019;Kebakaran Rumah;1;;;;1
2019;Leuwigoong;Leuwigoong;26/05/2019;Kebakaran Rumah;1;;;;
2019;Pasirwangi;padaasih;26/05/2019;Kebakaran Rumah;1;;;;
2019;Tarogong Kaler;Cimanganten;05/02/2019;Kebakaran Rumah;1;;;;
2019;Pasirwangi;Karyamekar;05/05/2019;Kebakaran Rumah;1;;4;;1
2019;Talegong;Sukamulya;05/08/2019;Kebakaran Rumah;1;;1;;
2019;Garut Kota;Regol;05/10/2019;Kebakaran Rumah;1;;;;
2019;Cilawu;Pasanggrahan Tonggoh;05/11/2019;Kebakaran Rumah;1;;;;
2019;Pameungpeuk;Medong;13/5/2019;Kebakaran Rumah;1;;;1;
2019;Cibatu;Cibunar;14/5/2019;Kebakaran Rumah;1;;;;
2019;Wanaraja;Sindang Mekar;21/5/2019;Kebakaran Rumah;1;;;1;
2019;Pangatikan;Babakanloa;23/5/2019;Kebakaran Rumah;1;;;3;
2019;Pasirwangi;Padaasih ;26/5/2015;Kebakaran Rumah;1;;2;;
2019;Samarang;Cintaasih;27/5/2019;Kebakaran Rumah;1;;;;1
2019;Leles;Ciburial;06/04/2019;Kebakaran Rumah;1;1;1;;
2019;Limbangan;Limbangan;06/06/2019;Kebakaran Rumah;1;;;;
2019;Karangpawitan ;Situ sari;06/08/2019;Kebakaran Rumah;1;;1;;
2019;Garut kota;Paminggir;06/11/2019;Kebakaran Rumah;1;;6;;4
2019;Cilawu;Ngamplang;06/11/2019;Kebakaran Rumah;1;;;;
2019;Selaawi;Cirapuhan;13/6/2019;Kebakaran Rumah;1;;;5;2
2019;Singajaya;Singajaya;13/6/201`9;Kebakaran Rumah;1;;2;;
2019;cilawu ;pasanggrahan;27/6/2019;Kebakaran Rumah;1;;;;
2019;Cigedug;pasanggrahan;27/6/2019;Kebakaran Rumah;1;1;1;;
2019;Cikajang;Mekarsari;27/6/2019;Kebakaran Rumah;1;3;3;;
2019;Karangpawitan ;Suci;28/6/2019;Kebakaran Rumah;1;;;;
2019;Selaawi;Putrajawa;06/05/2019;Kebakaran Rumah;1;;;;1
2019;Garut kota;Muara Sanding;06/01/2019;Kebakaran Rumah;1;;;;1
2019;Cibatu;Cibunar;06/02/2019;Evakuasi Sarang Tawon;1;;;;
2019;Garut kota;Muara Sanding;06/02/2019;Kebakaran Rumah;1;;;;
2019;Karangpawitan ;Mekarsari;06/03/2019;Kebakaran Rumah;1;;;1;
2019;Kersamanah;Kersamanah;06/05/2019;Kebakaran Rumah;1;;;;1
2019;Bl. Limbangan;Limbangan tengah;06/06/2019;Kebakaran Rumah;1;;;;
2019;Cibatu;Keresek;06/07/2019;Kebakaran Kendaraan;1;;;;
2019;Karangpawitan ;Situsari;06/08/2019;Kebakaran Rumah;1;;;1;
2019;Wanaraja;Sindang Prabu;06/09/2019;Kebakaran Rumah;1;;;;1
2019;Leles;Ciburial;06/10/2019;Kebakaran Rumah;1;;1;;
2019;Leuwigoong;Leuwigoong;06/11/2019;Kebakaran Rumah;1;;;;1
2019;Garut kota;Paminggir;06/11/2019;Kebakaran Rumah;1;;4;;
2019;Cilawu;Ngamplang;06/11/2019;Kebakaran Rumah;1;;;;
2019;Cikajang;Cikajang;06/12/2019;Kebakaran Rumah;1;;1;;
2019;Leuwigoong;Leuwigoong;06/11/2019;Kebakaran Rumah;1;;1;;
2019;Singajaya;Singajaya;13/6/2019;Kebakaran Rumah;1;;1;1;
2019;Selaawi;Cirapuhan;13/6/2019;Kebakaran Pasar;1;;;;
2019;Tarogong Kaler;Sirnajaya;07/12/2019;Kebakaran Rumah;1;;1;;
2019;Tarogong Kidul;Sukagalih;15/7/2019;Kebakaran Hutan;1;;;;
2019;Cisompet;Depok;16/7/2019;Keracunan masal;1;6;;;
2019;Tarogong Kaler;Jati;20/7/2019;Kebakaran Hutan;1;;;;
2019;Garut Kota;Kota wetan;25/7/2019;Kebakaran Hutan;1;;;;
2019;Pasirwangi;Sarimukti;29/7/2019;Kebakaran Rumah;1;;11;;
2019;Cilawu;Ngamplangsari;30/7/2019;Pergerakan Tanah;1;;;;
2019;Cisompet;Cisompet;31/7/2019;Kebakaran Rumah;1;;3;;
2019;Cikajang;Pasar Lama;02/08/2019;Gempa Bumi;1;;;;
2019;Banjarwangi;Banjarwangi;02/08/2019;Gempa Bumi;1;;1;;1
2019;Bungbulang;Mekarjaya;02/08/2019;Gempa Bumi;1;;;;1
2019;Mekarmukti;Mekarmukti;02/08/2019;Gempa Bumi;1;;;;1
2019;Garut Kota;Regol;02/08/2019;Gempa Bumi;1;;1;;
2019;Banjarwangi;Mulyajaya;02/08/2019;Gempa Bumi;1;;;;
2019;Pamulihan;Pakenjeng;02/08/2019;Gempa Bumi;1;;;1;
2019;Cisurupan;Cisurupan;02/08/2019;Gempa Bumi;1;;;1;
2019;Cisewu;Karangsewu;02/08/2019;Gempa Bumi;1;;;;
2019;Cisewu;Cikarang;02/08/2019;Gempa Bumi;1;;;;
2019;Cisurupan;Cipaganti;08/03/2019;Kebakaran Hutan;1;;;;
2019;Mekarmukti;Mekarsari;08/03/2019;kebakaran Rumah ;1;;1;;
2019;Karangtengah;Cinta;08/04/2019;Kebakaran Hutan;1;;;;
2019;Tarogong Kidul;Sukagalih;08/06/2019;Pohon Tumbang;1;;;;
2019;Pakenjeng;Tjmulya;08/11/2019;PergerakanTanah;1;;;;
2019;Pamulihan;Gurumukti;17/8/2019;Kebakaran Hutan;1;;;;
2019;Pakenjeng;Pasirlagu;17/8/2019;kebakaran Rumah ;1;;;;1
2019;Cibiuk;Cibiuk kaler;18/8/2019;kebakaran Rumah ;1;;3;;
2019;Tarogong Kaler;Pasawahan/G.Guntur;21/8/2019;Kebakaran Hutan;1;;;;
2019;Karangpawitan;Karangmulya;22/8/2019;Kebarakan Rumah;2;;;;
2019;Samarang;Cinta Rakyat;28/8/2019;Kebarakan Rumah;1;;2;;
2019;BL.LIMBANGAN;PASIR WARU;09/02/2019;Kebakaran Hutan;1;;;;
2019;PAMEUNGPEUK;PAAS;09/02/2019;Kebakaran Hutan;1;;2;;
2019;TAROGONG KALER;BLOK CADAS GANTUNG GUNUNG GUNTUR;09/03/2019;Kebakaran Hutan;1;;;;
2019;CILAWU;DAYEUH MANGGUNG;09/03/2019;Kebakaran Hutan;1;;1;;
2019;TAROGONG KIDUL;JAYAWARAS;09/04/2019;Kebakaran Hutan;1;5;1;;
2019;BARUSUDA;CIGEDUG;09/04/2019;Kebakaran Hutan;1;8;1;;
2019;CIBATU;KERTAJAYA;09/04/2019;Angin Puting Beliung;1;;;;1
2019;CIBATU;WANAKERTA;09/04/2019;Kebakaran Hutan;1;;;;
2019;CISOMPET;SUKAMUKTI;09/05/2019;Kebarakan Rumah;1;4;;;
2019;PAMEUNGPEUK;PAMENGPEUK;09/05/2019;Kebakaran Hutan;1;;;;
2019;TAROGONG KALER;JATI;09/05/2019;Kebakaran Hutan;1;;;;
2019;BAYONGBONG;SIRNAGALIH;09/05/2019;Kebakaran Hutan;1;;;;
2019;KARANGTENGAH;SINDANGGALIH;09/06/2019;Kebarakan Rumah;1;4;;;
2019;KARANGPAWITAN;TANJUNGSARI;09/06/2019;Kebakaran Hutan;1;;;;
2019;CILAWU;SUKATANI;09/09/2019;Kebarakan Rumah;1;4;1;;
2019;PAMULIHAN;GARUMUKTI;09/10/2019;Kebakaran Hutan;1;;;;
2019;LELES;HARUMAN;09/11/2019;Kebakaran Hutan;1;;;;
2019;CIBALONG;MEKARSARI;09/11/2019;Kebakaran Hutan;1;;;;
2019;GARUT KOTA;KOTA WETAN;09/11/2019;Kebakaran Hutan;1;;;;
2019;BL.LIMBANGAN;CIWANGI;09/11/2019;Kebarakan Rumah;1;29;;;1
2019;CILAWU;PASANGGRAHAN;09/12/2019;Kebakaran Hutan;1;;;;
2019;CISURUPAN;SUKATANI;13/09/2019;Kebarakan Rumah;1;;1;;
2019;SELAAWI;SAMIDA;13/09/2019;Kebarakan Rumah;1;;1;;
2019;GARUT KOTA;KOTA KULON;14/09/2019;Kebakaran Hutan;1;;;;
2019;SAMARANG;PARAKAN;14/09/2019;Kebarakan Rumah;1;;6;;
2019;TAROGONG KALER;RANCABANGO;15/09/2019;Kebakaran Hutan;1;;;;
2019;PAMEUNGPEUK;PAAS;17/09/2019;Kebarakan Rumah;1;;1;;
2019;CIBIUK;MAJASARI;18/09/2019;Kebakaran Hutan;1;;;;
2019;CIKELET;PAMALAYAN;18/09/2019;Kebakaran Hutan;1;;;;
2019;BAYONGBONG;PANEMBONG;19/09/2019;Kebarakan Rumah;1;;3;;
2019;CIBATU;CIHUMA;20/09/2019;Kebarakan Rumah;1;;1;;
2019;BANYURESMI;BANYURESMI;22/09/2019;Kebakaran Hutan;1;;;;
2019;Kersamanah ;Kersamanah ;21/10/2019;Angin Puting Beliung;1;;;220;
2019;Banyuresmi ;Sukamukti ;20/10/2019;Angin Puting Beliung;1;;;;
2019;Cisurupan ;Pamulihan ;20/10/2019;Angin Puting Beliung;1;;;;
2019;Cigedug;Cintanagara ;20/10/2019;Kebakaran Hutan;1;;;;
2019;Selaawi;Cigawir ;23/10/2019;Kebakaran Hutan;1;;;;
2019;bayongbong;Mulyasari ;24/10/2019;Kebakaran Hutan;1;;;;
2019;Cibatu;Kertajaya ;25/10/2019;Kebakaran Hutan;1;;;;
2019;Pangatikan;Sukahurip ;25/10/2019;Kebakaran Hutan;1;;;;
2019;Wanajara;Wanakerta ;25/10/2019;Kebakaran Hutan;1;;;;
2019;Cisurupan;Sirnajaya;25/10/2019;Kebakaran Hutan;1;;;;
2019;Cikajang ;Cikandang ;25/10/2019;Kebakaran Hutan;1;;;;
2019;Cilawu;Pasanggrahan ;28/10/2019;Pergerakan Tanah;1;;;;
2019;Leles;Haruman ;29/10/2019;Pergerakan Tanah;1;;;;3
2019;Peundeuy;Sukanegara ;31/10/2019;Tanah Longsor;1;;;;
2019;Sukawening;Sukawening;11/08/2019;Kebakaran Hutan;1;8;2;;
2019;Malangbong;Bunisari;11/08/2019;Pohon Tumbang;1;;;;1
2019;Tarogong Kaler;Rancabango;11/08/2019;Kebakaran Hutan;1;;;;
2019;SELAAWI;SAMIDA;11/08/2019;Angin Puting Beliung;1;;;;23
2019;Cilawu;Cilawu;11/08/2019;Kebakaran Hutan;1;;;;
2019;Tarogong Kaler;Rancabango;11/10/2019;Kebakaran Hutan;1;;;;
2019;Samarang;Sukakarya;11/11/2019;Kebakaran Hutan;1;;;;
2019;Tarogong Kaler;Pasawahan;11/12/2019;Kebakaran Hutan;1;;;;
2019;Cilawu;Mangku Rakyat;13/11/2019;Angin Puting Beliung;1;;;1;14
2019;Tarogong Kidul;Sukagalih;13/11/2019;Pohon Tumbang;1;;;1;
2019;Tarogong Kidul;Cibunar;13/11/2019;Angin Puting Beliung;1;;;19;1
2019;Cisompet;Sukamukti;14/11/2019;Kebakaran Hutan;1;;;;
2019;Leuwigoong;Karangsari;16/11/2019;Kebakaran Hutan;1;;;;
2019;CIBATU;KERTAJAYA;17/11/2019;Orang Tenggelam;1;;;;
2019;Kadungora;Lebak Jero;18/11/2019;Kebakaran Hutan;1;;;;
2019;Kadungora;Ranca Salak;18/11/2019;Pergerakan Tanah;1;;;;
2019;TALAGA BODAS;;21/11/2019;Kebakaran Hutan;1;;;;
2019;Malangbong;Bunisari;22/11/2019;Angin Puting Beliung;1;;2;;4
2019;Tarogong Kaler;Rancabango;22/11/2019;Banjir;1;48;;;
2019;Malangbong;Mekarmulya;25/11/2019;Pohon Tumbang;1;3;;;1
2019;Cikajang;Mekarsari;25/11/2019;Pergerakan Tanah;1;;;;
2019;Tarogong Kidul;Haurpanggung;26/11/2019;Kebakaran Kios;1;;;;
2019;Cisurupan;Balewangi;26/11/2019;Pergerakan Tanah;1;;3;;
2019;Sukaresmi;Sukalillah;28/11/2019;Kebakaran Sekolah;1;1;;;
2019;CISOMPET;DEPOK;12/03/2019;Kebakaran Sekolah;1;;;;
2019;PAMULIHAN;GARUMUKTI;12/06/2019;Tanah Longsor;1;;;;
2019;TALEGONG;SUKAMAJU;12/06/2019;Tanah Longsor;1;;;1;
2019;CILAWU;KP. DESA KOLOT;12/07/2019;Angin Puting Beliung;1;;;4;
2019;CILAWU;KP CIPARI;12/07/2019;Angin Puting Beliung;1;;;15;
2019;CILAWU;KP CIHAREUDAY;12/07/2019;Angin Puting Beliung;1;;;5;
2019;CILAWU;KP SUKA IKHLAS;12/07/2019;Angin Puting Beliung;1;;;1;
2019;CILAWU;KP CIHALIMUN;12/07/2019;Angin Puting Beliung;1;;;2;
2019;PAMULIHAN;LINGGAJATI;14/12/2019;Tanah Longsor;1;;;;
2019;CIBATU;MEKARSARI;19/12/2019;Tanah Longsor;1;;;;
2019;TAROGONG KALER;RANCABANGO;20/12/2019;Pohon Tumbang;1;;;;
2019;PAMULIHAN;GARUMUKTI;26/12/2019;Tanah Longsor;1;;;;
2019;BANYURESMI;SUKARATU;27/12/2019;Angin Puting Beliung;1;;1;3;
2019;KARANGTENGAH;CINTAMANIK;27/12/2019;Tanah Longsor;1;;;;
2019;Cikelet;Girimukti ;29/12/2019;Tanah Longsor;1;;;;
2019;Cikajang;Karamatwangi ;30/12/2019;Tanah Longsor;1;;;;
2020;Kersamanah;Kersamanah ;01/01/2020;Angin Puting Beliung;1;;;;
2020;Karangpawitan;Sindanggalih ;02/01/2020;Tanah Longsor;1;;;;1
2020;Banjarwangi;Jayabakti;04/01/2020;Tanah Longsor;1;8;;;
2020;Pamulihan;Pakenjeng;08/01/2020;Tanah Longsor;1;1;;;
2020;Banjarwangi;Kadongdong;09/01/2020;Tanah Longsor;1;;3;;
2020;Banjarwangi;Tanjungjaya;09/01/2020;Tanah Longsor;1;;1;;
2020;Pakenjeng;Tanjungjaya;09/01/2020;Tanah Longsor;1;;;;
2020;Bungbulang;Mekarjaya;09/01/2020;Tanah Longsor;1;;;;3
2020;Singajaya;Singajaya;10/01/2020;Tanah Longsor;1;;;;
2020;Singajaya;Sukawangi;10/01/2020;Tanah Longsor;1;;;;
2020;Bungbulang;Wangunjaya;13/01/2020;Tanah Longsor;1;19;1;;
2020;Bungbulang;Gunung Jampang;14/01/2020;Tanah Longsor;1;3;;1;
2020;Bungbulang;Hegarmanah;14/01/2020;Tanah Longsor;1;3;;;1
2020;Bungbulang;Hegarmanah;14/01/2020;Tanah Longsor;1;9;;;
2020;Kersamanah;Nanjungjaya;14/01/2020;Angin Puting Beliung;1;3;1;;
2020;Cisewu;Mekarsewu;16/01/2020;Tanah Longsor;1;;;;
2020;Kadungora;Karang Tengah ;16/01/2020;Banjir;1;4;;;2
2020;Leles;Leles;16/01/2020;Banjir;1;-;;;
2020;Cibatu;Kertajaya;17/01/2020;Angin Puting Beliung;1;90;5;;25
2020;Tarogong Kaler;Jati;20/01/2020;JEBOL TPT;1;;;;
2020;Bayongbong;Panembong;21/01/2020;Banjir;1;;;;
2020;Bayongbong;Panembong;21/01/2020;Tanah Longsor;1;;;;
2020;Tarogong Kidul;Haurpanggung;21/01/2020;Kebakaran Pasar;1;;;;
2020;Pamulihan;Garumukti;22/01/2020;Tanah Longsor;1;;;;
2020;Bayongbong;Panembong;23/01/2020;Tanah Longsor;1;;;;
2020;Cisewu;Girimukti;24/01/2020;Tanah Longsor;1;;;;
2020;Cisewu;Panggalih;24/01/2020;Tanah Longsor;1;;;;
2020;Cigedug;Cintanagara;24/01/2020;Tanah Longsor;1;;;;
2020;Cikajang;Cipangramatan;24/01/2020;Tanah Longsor;1;;;;
2020;Cibatu;Karyamukti;25/01/2020;Tanah Longsor;1;;;;1
2020;Pamulihan;Pakenjeng;26/01/2020;Tanah Longsor;1;;;;
2020;Talegong;Mekarmukti;26/01/2020;Tanah Longsor;1;;;;
2020;Sukaresmi;Mekarjaya;26/01/2020;Tanah Longsor;1;;;;
2020;Malangbong ;Mekar Asih ;27/01/2020;Tanah Longsor;1;;;;
2020;Singajaya;Singajaya;27/01/2020;Tanah Longsor;1;;;;
2020;Sukawening;Sukamukti;27/01/2020;Tanah Longsor;1;3;;;1
2020;Sukaresmi;Padamukti;27/01/2020;Tanah Longsor;1;;;;
2020;Pamulihan;Pakenjeng;27/01/2020;Tanah Longsor;1;;;;
2020;Banjarwangi;Talagajaya;28/01/2020;Tanah Longsor;1;;;;
2020;Pamulihan;Linggarjati;28/01/2020;Pergerakan Tanah;1;;;;
2020;Cikajang;Cibodas;28/01/2020;Kebakaran Pasar;1;;;;
2020;Bayongbong;Mulyasari;29/01/2020;Angin Puting Beliung;1;;;;2
2020;Cibatu;Sukalilah;29/01/2020;Tanah Longsor;1;;;;
2020;Cigedug;Cintanagara;29/01/2020;Tanah Longsor;1;;;;
2020;Cibatu;Mekarsari;29/01/2020;Banjir;1;;;;
2020;Pamulihan;Garumukti;29/01/2020;Tanah Longsor;1;;;;
2020;Malangbong ;Citeras;29/01/2020;Tanah Longsor;1;;;1;
2020;Garut Kota;Kota Kulon;30/01/2020;Banjir;1;;;;
2020;Cigedug;Barusuda;30/01/2020;Tanah Longsor;1;;;;
2020;Tarogong Kidul;Sukagalih;18/02/2020;Banjir;1;;;;
2020;Cisompet;Neglasari;04/02/2020;Tanah Longsor;1;;;;
2020;Malangbong;Cikarag;05/02/2020;Tanah Longsor;1;1;;1;
2020;Pakenjeng;Pamulihan;07/02/2020;Tanah Longsor;1;;;;
2020;Ciundian;Singajaya;09/02/2020;Tanah Longsor;1;;;1;
2020;Leles;Margaluyu;09/02/2020;Tanah Longsor;1;;;;1
2020;Cilawu;Pasanggarahan;11/02/2020;Tanah Longsor;1;;;;
2020;Tarogong Kaler;Tanjung Kamuning;13/02/2020;Banjir;1;1;;1;
2020;Peundeuy;Saribakti;13/02/2020;Tanah Longsor;1;;;;
2020;Cisewu;Sukajaya;16/02/2020;Tanah Longsor;1;;;;
2020;Cisewu;Nyalindung;16/02/2020;Tanah Longsor;1;;;;
2020;Talegong;Sukamulya;16/02/2020;Tanah Longsor;1;;;;
2020;Talegong;Mekarmulya;16/02/2020;Tanah Longsor;1;;;;
2020;Talegong;Sukamaju;16/02/2020;Tanah Longsor;1;74;1;;
2020;Pamulihan;Girimukti;16/02/2020;Tanah Longsor;1;;;;
2020;Bungbulang;Mekarbakti;16/02/2020;Pergerakan Tanah;1;66;;;
2020;Pangatikan;Sukahurip;16/02/2020;Tanah Longsor;1;;;;
2020;Tarogong Kidul;Sukagalih;18/02/2020;Banjir;1;;;;
2020;Leles;Sukarame;18/02/2020;Banjir;1;;;;
2020;Tarogong Kaler;Sirnajaya;18/02/2020;Tanah Longsor;1;;;;
2020;Banyuresmi;Sukakarya;18/02/2020;Banjir;1;;;;
2020;Cilawu;Karyamekar;19/02/2020;Pergerakan Tanah;1;;;;7
2020;Pamulihan;Pananjung;19/02/2020;Pergerakan Tanah;1;;3;;2
2020;Pamulihan;Pananjung;19/02/2020;Tanah Longsor;1;;;;
2020;Cibalong;Mekarwangi;20/02/2020;Tanah Longsor;1;1;1;;
2020;Cijolang;Limbangan;21/02/2020;Tanah Longsor;1;;;;
2020;Karangpawitan;Karangpawitan;22/02/2020;Angin Puting Beliung;1;;;;54
2020;;Situsaeur;22/02/2020;Angin Puting Beliung;;;;;5
2020;;Situjaya;22/02/2020;Angin Puting Beliung;;;;;4
2020;Cisurupan;Kamaramatwangi;23/02/2020;Banjir;1;4;1;;
2020;Karangpawitan;Karangpawitan;23/02/2020;Tanah Longsor;1;;;;
2020;Cibalong;Karyamukti;25/02/2020;Banjir;1;4;;;
2020;Cisompet;Panyindangan;25/02/2020;Tanah Longsor;1;;;;
2020;Cibalong;Cigaronggong;25/02/2020;Tanah Longsor;1;;;;
2020;Pakenjeng;Sukamulya;25/02/2020;Tanah Longsor;1;;;;
2020;Cisompet;Sukanagara;25/02/2020;Tanah Longsor;1;;;;
2020;Cikajang;Keramatwangi;25/02/2020;Tanah Longsor;1;;;;
2020;Talegong;Mekarmukti;26/02/2020;Tanah Longsor;1;67;;;
2020;Banjarwangi;Mulyajaya;28/02/2020;Pergerakan Tanah;1;;;;
2020;Garut Kota ;Sukanegla;29/02/2020;Angin Puting Beliung;1;7;1;;
2020;Bayongbong;Karyajaya;03/02/2020;Angin Puting Beliung;1;1;1;;
2020;Talegong;Sukamulya;03/02/2020;Tanah Longsor;1;;;;
2020;Cihurip;Mekarwangi;03/02/2020;Tanah Longsor;1;;;;
2020;Pangatikan;Sukahurip;03/04/2020;Tanah Longsor;1;;;;
2020;Bungbulang;Margalaksana;03/04/2020;Angin Puting Beliung;1;8;;2;
2020;Pamulihan;Garumukti;03/04/2020;Tanah Longsor;1;;;;
2020;Pasirwangi;padamulya;03/04/2020;Tanah Longsor;1;;2;;
2020;Cibalong;Sagara;03/04/2020;Tanah Longsor;1;;;;
2020;Cisurupan;Balewangi;03/05/2020;Angin Puting Beliung;1;;;1;
2020;Karangtengah;Cinta;03/05/2020;Tanah Longsor;1;;;;
2020;Pamulihan;Pananjung;03/05/2020;Angin Puting Beliung;1;;;;
2020;Pakenjeng;Tanjungjaya;03/05/2020;Tanah Longsor;1;;;;
2020;Cikelet;Cikelet;03/05/2020;Tanah Longsor;1;;;;
2020;Singajaya;Girimukti;03/05/2020;Angin Puting Beliung;1;;1;;
2020;Sikaresmi;Mekarjaya;03/05/2020;Angin Puting Beliung;1;;;;
2020;Cilawu;Sukaharti;03/05/2020;Angin Puting Beliung;1;28;4;6;3
2020;Talegong;Sukalaksana;03/05/2020;Pergerakan Tanah;1;;1;;
2020;Pamulihan;Cisandaan;03/06/2020;Tanah Longsor;1;;;;
2020;Pamulihan;Pakenjeng;03/06/2020;Tanah Longsor;1;;;;
2020;Banyuresmi;Sukalaksana;03/06/2020;Angin Puting Beliung;1;;;1;
2020;Talegong;Sukamulya;03/07/2020;Tanah Longsor;1;;;;
2020;Talegong;Sukamulya;03/08/2020;Tanah Longsor;1;4;;1;
2020;Talegong;Sukamulya;03/11/2020;Tanah Longsor;1;;;;
2020;Pakenjeng;Neglasari;03/11/2020;Tanah Longsor;1;;;;
2020;Pakenjeng;Pasirlangu;03/11/2020;Tanah Longsor;1;;;;
2020;Pakenjeng;Tanjungjaya;03/11/2020;Tanah Longsor;1;;;;
2020;Cisurupan;Sukatani;03/11/2020;Tanah Longsor;1;9;1;;2
2020;Cisurupan;Situsari;15/03/2020;Banjir;1;;;;
2020;Sukaresmi;Sukalillah;15/03/2020;Banjir;1;;;;
2020;Kadungora;Mandalasari ;20/03/2020;Tanah Longsor;1;;;;
2020;Malangbong;Bunisari ;20/03/2020;Tanah Longsor;1;;;;
2020;Cibatu;Keresek;20/03/2020;Tanah Longsor;1;;;;
2020;KarangPawitan;Sindangpalay;27/03/2020;Banjir;1;;;;2
2020;Cisurupan ;Cidatar;27/03/2020;Tanah Longsor;1;5;;;1
2020;CIKAJANG;MEKARJAYA ;04/02/2020;Banjir;1;60;;;
2020;CIKAJANG;GIRIJAYA;04/02/2020;Banjir;;;;;
2020;BANJARWANGI;TANJUNG JAYA;04/02/2020;Banjir;1;22;;;
2020;CISURUPAN;SUKATANI;04/02/2020;Tanah Longsor;1;-;;;
2020;CIGEDUG;SINDANGSARI;04/03/2020;Banjir;1;;;;
2020;CIGEDUG;SUKAHURIP;04/03/2020;Banjir;;15;;;
2020;PASIRWANGI;PADAMUKTI;04/05/2020;Angin Puting Beliung;1;;;;
2020;SUKARESMI;PADAMUKTI;04/05/2020;Angin Puting Beliung;1;;;;1
2020;CIKAJANG;MEKARJAYA ;04/07/2020;Banjir;1;;;;
2020;BANJARWANGI;TANJUNG JAYA;04/07/2020;Banjir;1;;;;
2020;CISURUPAN;BALEWANGI;04/07/2020;Banjir;1;83;3;;
2020;TAROGONG KIDUL;HAURPANGGUNG;04/07/2020;Banjir;1;;;;
2020;BANJARWANGI;WANGUNJAYA;04/08/2020;Banjir;1;;;;
2020;BANJARWANGI;TALAGAJAYA;04/08/2020;Tanah Longsor;1;;;;
2020;BANJARWANGI;MULYAJAYA;04/08/2020;Tanah Longsor;1;22;1;;
2020;SINGAJAYA;CIUNDIAN;04/08/2020;Tanah Longsor;1;;;;
2020;CIGEDUG;CINTANAGARA;04/09/2020;Tanah Longsor;1;;;;
2020;CIGEDUG;SUKAHURIP;04/09/2020;Tanah Longsor;1;;;;
2020;BAYONGBONG;MULYASARI;04/09/2020;TPT Roboh;1;18;;;
2020;Cibalong;Simpang;06/05/2020;Tanah Longsor;1;;;;
2020;Cisompet;Cikondang;07/05/2020;Jembatan Ambruk;1;;;;
2020;Cikajang;Margamulya;11/05/2020;Banjir;1;;;;
2020;Singajaya;Pancasura;12/05/2020;Tanah Longsor;1;;;;
2020;Malangbong;Sukaratu;24/05/2020;Efek Gempa;1;;;;
2020;Tarogong Kidul;Mekargalih;27/05/2020;Banjir;1;;;;1
2020;Cihurip;Cihurip;30/05/2020;Tanah Longsor;1;;;;
2020;Cilawu;Sukamaju;31/05/2020;Tanah Longsor;1;27;;;
2020;Tarogong Kidul;Tarogong;25/05/2020;TPT Roboh;1;;;;
2020;Samarang;Cintarasa;03/06/2020;Angin PB;1;20;;;4
2020;Banjarwangi;Padasuka;19/06/2020;Pergerakan Tanah;1;;;;
2020;Singajaya;Singajaya;19/06/2020;Tanah Longsor;1;;;;
2020;Singajaya;Ciundian;19/06/2020;Tanah Longsor;1;;;;
2020;Banjarwangi;Bojong;01/07/2020;Pergerakan Tanah;1;84;;;
2020;Banjarwangi;Bojong;01/07/2020;Pergerakan Tanah;1;39;;;
2020;Banjarwangi;Bojong;01/07/2020;Pergerakan Tanah;1;;;;
2020;Banjarwangi;Bojong;01/07/2020;Tanah Longsor;1;;;;
2020;Banjarwangi;Bojong;01/07/2020;Tanah Longsor;1;;;;
2020;Pamulihan;Garumukti;11/08/2020;Kebakaran Rumah;1;;;;
2020;Cigedug;Barusuda;13/08/2020;Kebakaran Rumah;1;4;1;;
2020;Sukawening;Mekarwangi;16/08/2020;Kebakaran Rumah;1;4;1;;
2020;Malangbong;Cilampuyang;18/08/2020;Kebakaran Rumah;1;;;;
2020;Bayongbong;Mulyasari;22/08/2020;Kebakaran Rumah;1;1;1;;
2020;Cisompet;Jatisari;23/08/2020;Kebakaran Rumah;1;;;;
2020;Pananjung;Tarogong Kaler;25/08/2020;Kebakaran Hutan;1;;;;
2020;Sucinajara;Tarogong Kaler;27/08/2020;Kebakaran Rumah;1;;;;
2020;Garut Kota;Kota Kulon;28/08/2020;Tanah Longsor;1;;;;
2020;Cisurupan;Kota Kulon;28/08/2020;Angin Puting Beliung;1;;;;
2020;Bayongbong;Sukamanah;30/08/2020;Kebakaran Rumah;1;3;1;;
2020;Kadungora;Sukamanah;02/09/2020;Pohon Tumbang;1;; ;;
2020;Banyuresmi;Sukaraja;24/09/2020;Kebakaran Hutan;1;;;;
2020;Kadungora;Mandalasari;24/09/2020;Kebakaran Hutan;1;;;;
2020;Cibatu;Kerta Jaya;28/09/2020;Angin Puting Beliung;1;;;;1
2020;Singajaya;Ciundian;03/10/2020;Tanah Longsor;1;;;;2
2020;Cihurip;Jayamukti;03/10/2020;Tanah Longsor;1;;;;
2020;Cihurip;Cihurip;05/10/2020;Angin Puting Beliung;1;0;0;0;0
2020;Pamengpeuk;Mancagahar;12/10/2020;Banjir;1;276;1;2;89
2020;Pamengpeuk;Sirnabakti;12/10/2020;Banjir;1;650;6;3;188
2020;Pamengpeuk;Pameungpeuk;12/10/2020;Banjir;1;960;3;9;305
2020;Pamengpeuk;Paas;12/10/2020;Banjir;1;741;5;7;172
2020;Pamengpeuk;Mandalakasih;12/10/2020;Banjir;1;1632;4;45;516
2020;Pamengpeuk;Jatimulya;12/10/2020;Banjir;1;218;2;;63
2020;Pamengpeuk;Bojong Kidul;12/10/2020;Banjir;1;143;;;49
2020;Pamengpeuk;Bojong Kaler;12/10/2020;Banjir;1;208;;1;61
2020;Pamengpeuk;Bojong Kidul;12/10/2020;Tanah Longsor;1;3;;1;
2020;Peundeuy;Peundeuy;12/10/2020;Tanah Longsor;1;19;3;2;3
2020;Peundeuy;Saribakti;12/10/2020;Tanah Longsor;1;24;1;3;2
2020;Peundeuy;Purwajaya;12/10/2020;Tanah Longsor;1;10;;;2
2020;Peundeuy;Sukanagara;12/10/2020;Tanah Longsor;1;23;1;2;2
2020;Peundeuy;Pangrumasan;12/10/2020;Tanah Longsor;1;3;;;1
2020;Cikelet;Pamalayan;12/10/2020;Banjir;1;653;;4;8
2020;Cikelet;Cikelet;12/10/2020;Banjir;1;580;;;
2020;Cikelet;Cigadog;12/10/2020;Banjir;1;71;;;
2020;Cikelet;Tipar;12/10/2020;Banjir;1;;;;
2020;Cikelet;Cijambe;12/10/2020;Banjir;1;97;;1;
2020;Cikelet;Ciroyom;12/10/2020;Banjir;1;;;;
2020;Cikelet;Cikelet;12/10/2020;Tanah Longsor;1;164;;;
2020;Cikelet;Linggamanik;12/10/2020;Tanah Longsor;1;99;5;;
2020;Cikelet;Pamalayan;12/10/2020;Tanah Longsor;1;9;;;
2020;Cikelet;Cijambe;12/10/2020;Tanah Longsor;1;;3;1;
2020;Cikelet;Karangsari;12/10/2020;Tanah Longsor;1;3;;;
2020;Cikelet;Cikelet;12/10/2020;Pergerakan Tanah;1;116;;;
2020;Cisompet;Cikondang;12/10/2020;Tanah Longsor;1;284;6;;78
2020;Cisompet;Neglasari;12/10/2020;Tanah Longsor;1;36;;;
2020;Cisompet;Sukanegara;12/10/2020;Tanah Longsor;1;711;32;1;
2020;Cisompet;Sindangsari;12/10/2020;Tanah Longsor;1;33;;;
2020;Cisompet;Depok;12/10/2020;Tanah Longsor;1;1133;1;;1
2020;Cisompet;Cisompet;12/10/2020;Tanah Longsor;1;77;1;;
2020;Cisompet;Sukamukti;12/10/2020;Tanah Longsor;1;112;;;5
2020;Cisompet;Cihaurkuning;12/10/2020;Tanah Longsor;1;704;;;
2020;Cisompet;Jatisari;12/10/2020;Tanah Longsor;1;44;;;2
2020;Cisompet;Panyindangan;12/10/2020;Tanah Longsor;1;311;;;5
2020;Cibalong;Karyamukti;12/10/2020;Banjir;1;431;;2;3
2020;Cibalong;Karyasari;12/10/2020;Banjir;1;215;7;;56
2020;Cibalong;Najaten;12/10/2020;Banjir;1;;;;
2020;Cibalong;Mekarwangi;12/10/2020;Banjir;1;323;;;
2020;Cibalong;Mekarsari;12/10/2020;Banjir;1;430;16;;32
2020;Cibalong;Sagara;12/10/2020;Banjir;1;372;;;
2020;Cibalong;Maroko;12/10/2020;Banjir;1;;;2;
2020;Cibalong;Mekarmukti;12/10/2020;Banjir;1;150;6;1;17
2020;Cibalong;Maroko;12/10/2020;Tanah Longsor;1;78;2;20;
2020;Cibalong;Cigaronggong;12/10/2020;Pergerakan Tanah;1;;;;
2020;Banjarwangi;Banjarwangi;14/10/2020;Pergerakan Tanah;1;127;;19;
2020;Cilawu;Karyamekar;15/10/2020;Tanah Longsor;1;;;;
2020;Banjarwangi;Talagasari;17/10/2020;Tanah Longsor;1;;;;
2020;Malangbong;Sakawayana;18/10/2020;Kebakaran Rumah;1;25;5;;
2020;Cikelet;Linggamanik;20/10/2020;Tanah Longsor;1;;;;
2020;Talegong;Selaawi;24/10/2020;Tanah Longsor;1;;;;
2020;Cikajang;Selaawi;24/10/2020;Tanah Longsor;1;;;;
2020;Sucinaraja;Tegal Panjang;25/10/2020;Gempa;1;;;;1
2020;Cibalong;Tegal Panjang;25/10/2020;Tanah Longsor;1;;;;
2020;Cibalong;Tegal Panjang;26/10/2020;Tanah Longsor;1;;;;
2020;Pamulihan;Pakenjeng;27/10/2020;Tanah Longsor;1;6;1;;
2020;Cibatu;Mekarsari;01/11/2020;Pohon Tumbang;1;;;;
2020;Selaawi;Cirapuhan;01/11/2020;Tanah Longsor;1;;;;
2020;Pamulihan;Garumukti;02/11/2020;Tanah Longsor;1;;;;
2020;Tarogong Kaler;Rancabango;04/11/2020;Pohon Tumbang;1;;;;
2020;Pameungpeuk;Pameungpeuk;13/11/2020;Tanah Longsor;1;;;;
2020;Pameungpeuk;Mancagahar;13/11/2020;Banjir;1;;;;
2020;Pameungpeuk;Jatimulya;13/11/2020;Banjir;1;;;;
2020;Cibalong;Karyamukti;13/11/2020;Banjir;1;198;;;
2020;Cikelet;Cikelet;13/11/2020;Tanah Longsor;1;;;;
2020;Cilawu;Karyamekar;13/11/2020;Tanah Longsor;1;;;;
2020;Pakenjeng;Tegalgede;22/11/2020;Tanah Longsor;1;8;1;;
2020;Karangpawitan;Tanjungsari;22/11/2020;Pohon Tumbang;1;54;;;17
2020;Pamulihan;Garumukti;23/11/2020;Tanah Longsor;1;;;;
2020;Cilawu;Mekarsari;24/11/2020;Tanah Longsor;1;;;;
2020;Banjarwangi ;Dangiang ;01/12/2020;Rumah Roboh;1;5;;2;
2020;Pamulihan;Garumukti ;01/12/2020;Tanah Longsor;1;;;;
2020;Talegong;Sukamulya ;01/12/2020;Tanah Longsor;1;24;;;
2020;Talegong;Sukamulya ;03/12/2020;Tanah Longsor;1;;12;;2
2020;Cisewu ;Cisewu ;04/12/2020;Tanah Longsor;1;;;;
2020;Singajaya;Pancasura ;07/12/2020;Tanah Longsor;1;;;;
2020;Cikelet;Girimukti;08/12/2020;Angin Puting Beliung;1;;;;
2020;Cikelet;Linggamanik;12/12/2020;Tanah Longsor;1;;;;
2020;Pamulihan;Pakenjeng;13/12/2020;Tanah Longsor;1;;;;
2020;Singajaya;Ciundian;14/12/2020;Tanah Longsor;1;;;;
2020;Bungbulang;Bojong;15/12/2020;Tanah Longsor;1;;;;
2020;Cilawu;Sukamaju;15/12/2020;Tanah Longsor;1;5;;;1
2020;Cikelet;Ciroyom;21/12/2020;Pergerakan Tanah;1;;18;;
2020;Cikelet;kertamukti;27/12/2020;Tanah Longsor;1;;;;
2020;Cikelet;kertamukti;27/12/2020;Pergerakan Tanah;1;;;;
2021;Cibiuk;Majasari - Lingkungpasi;01/01/2020;Tanah Longsor;1;;;;
2021;Garut Kota;Regol;03/01/2021;Rumah Roboh;1;7;;;
2021;Cisurupan;Sukawargi;05/01/2020;Banjir;1;;;;3
2021;Singajaya;Sukawangi;06/01/2020;Tanah Longsor;1;7;;;
2021;Banjarwangi;Tanjung Jaya;06/01/2020;Tanah Longsor;1;;;;
2021;Singajaya;Sukamulya;07/01/2020;Tanah Longsor;1;6;;1;
2021;Cikajang;Cipangramatan;07/01/2020;Tanah Longsor;1;;;;
2021;Singajaya;Karangagung;08/01/2020;Tanah Longsor;1;;;;
2021;Singajaya;Singajaya;08/01/2020;Banjir;1;;;;
2021;Banjarwangi-Singajaya;Dangiang-Girimukti;08/01/2021;Lainnya;1;;;;
2021;Singajaya;Mekartani;08/01/2021;Lainnya;1;;;;
2021;Talegong;Sukamulya;09/01/2020;Tanah Longsor;1;;;;
2021;Talegong;Sukamulya;09/01/2020;Tanah Longsor;1;;;;
2021;Talegong;Mekarmulya;09/01/2020;Tanah Longsor;1;192;;;
2021;Talegong;Selaawi;09/01/2020;Tanah Longsor;1;;;;
2021;Talegong;Sukalaksana;09/01/2020;Tanah Longsor;1;8;;1;
2021;Talegong;Mekarmukti;09/01/2020;Tanah Longsor;1;49;;;
2021;Cisewu;Nyalindung;09/01/2020;Tanah Longsor;1;399;;;
2021;Banjarwangi;Tanjung Jaya;09/01/2020;Tanah Longsor;1;7;;;
2021;Pasirwangi;Sarimukti;10/01/2020;Tanah Longsor;1;10;1;1;
2021;Kadungora;Karangtengah;11/01/2020;Banjir;1;;;;
2021;Pakenjeng;Jayamekar;11/01/2020;Tanah Longsor;1;;;;
2021;Kadungora;Rancasalak;11/01/2020;Tanah Longsor;1;;;;
2021;Cilawu;Karyamekar;13/01/2020;Tanah Longsor;1;12;;4;
2021;Wanaraja;Sukamenak;13/01/2020;Tanah Longsor;1;;;;
2021;Pamulihan;Pakenjeng;13/01/2020;Tanah Longsor;1;;;;
2021;Pamulihan;Pananjung;18/01/2020;Tanah Longsor;1;;;1;
2021;Pasirwangi;Sirnajaya;24/01/2020;Tanah Longsor;1;;;;
2021;Singajaya;Sukamulya;31/01/2020;Tanah Longsor;1;3;;;
2021;Banjarwangi;Bojong;31/01/2020;Tanah Longsor;1;3;;;
2021;Singajaya;Girimukti;08/02/2021;Tanah Longsor;1;65;1;7;5
2021;Kadungora;Gandamekar;08/02/2021;Tanah Longsor;1;;;;
2021;Singajaya;Ciudian;08/02/2021;Tanah Longsor;1;49;;2;1
2021;Singajaya;Sukawangi;08/02/2021;Tanah Longsor;1;24;;;1
2021;Singajaya;Sukamulya;08/02/2021;Tanah Longsor;1;59;;2;
2021;Singajaya;Pancasura;08/02/2021;Tanah Longsor;1;45;1;2;2
2021;Singajaya;Karangagung;08/02/2021;Tanah Longsor;1;;;;
2021;Banjarwangi;Dangiang;08/02/2021;Banjir;1;;;;
2021;Banjarwangi;Dangiang;08/02/2021;Tanah Longsor;1;42;;;
2021;Banjarwangi;Bojong;08/02/2021;Tanah Longsor;1;;;;
2021;Cilawu;Karyamekar;12/02/2021;Tanah Longsor;1;35;8;;
2021;Cisompet;Cihaurkuning;18/02/2021;Lainnya;1;;;;
2021;Cisompet;Panyindangan;18/02/2021;Lainnya;1;;;;
2021;Cisompet;Jatisari;18/02/2021;Lainnya;1;;;;
2021;Cisompet;Sukanagara;20/02/2021;Tanah Longsor;1;11;;;
2021;Leles;Cangkuang;03/03/2021;Lainnya;1;;;;
2021;Pameungpeuk;Mancagahar;15/03/2021;Tanah Longsor;1;;;;
2021;Garut Kota;Margawati;17/03/2021;Banjir;1;;;;
2021;Garut Kota;Ciwalen;17/03/2021;Banjir;1;;;;
2021;Garut Kota;Regol;18/03/2021;Banjir;1;;;;
2021;Garut Kota;Sukanegla;17/03/2021;Tanah Longsor;1;;;;
2021;Wanaraja;Sukamenak;19/03/2021;Tanah Longsor;1;13;;;
2021;Pasirwangi;Padamulya;22/03/2021;Tanah Longsor;1;4;;1;
2021;Pasirwangi;Pasirwangi;22/03/2021;Tanah Longsor;1;;;;
2021;Tarogong Kidul;Haurpanggung;22/03/2021;Lainnya;1;;;;
2021;Malangbong;Barudua;22/03/2021;Tanah Longsor;1;1;;;
2021;Sukaresmi;Sukajaya;22/03/2021;Tanah Longsor;1;35;;;
2021;Pasirwangi;Karyamekar;23/03/2021;Tanah Longsor;1;20;1;;
2021;Cibatu;Keresek;25/03/2021;Banjir;1;74;;;
2021;Sukawening;Sukasono;25/03/2021;Banjir;1;;;;
2021;Sukawening;Sukaluyu;25/03/2021;Banjir;1;;;;
2021;Sukawening;Mekarluyu;25/03/2021;Banjir;1;;1;;
2021;Sukawening;Sukahaji;25/03/2021;Banjir;1;;;;
2021;Kadungora;Rancasalak;25/03/2021;Tanah Longsor;1;;;;
2021;Cisewu;Sukajaya;25/03/2021;Tanah Longsor;1;;;;
2021;Banyuresmi;Binakarya;25/03/2021;Banjir ;1;;;;
2021;Garut Kota;Sukamentri;26/03/2021;Angin Puting Beliung;1;;;;2
2021;Tarogong Kidul;Kersamenak;29/03/2021;Kebakaran Gedung;1;;;;
2021;Talegong;Sukamulya;30/03/2021;Tanah Longsor;1;;;;
2021;Tarogong Kidul;Sukajaya;31/03/2021;Banjir;1;;;;
2021;Tarogong Kaler;Rancabango;31/03/2021;Banjir;1;59;;;
2021;Tarogong Kaler;Cimanganten;31/03/2021;Banjir;1;216;;;
2021;Tarogong Kaler;Sukawangi;31/03/2021;Tanah Longsor;1;;;;
2021;Tarogong Kaler;Sirnajaya;31/03/2021;Banjir;1;6;;;
2021;Tarogong Kaler;Sirnajaya;31/03/2021;Tanah Longsor;1;;;;
2021;Bayongbong;Sukasenang;01/04/2021;Tanah Longsor;1;71;;;
2021;Tarogong Kaler;Sukawangi;03/04/2021;Angin Puting Beliung;1;;;;
2021;Pasirwangi;Pasirwangi;03/04/2021;Angin Puting Beliung;1;3;;;1
2021;Garut Kota;Kota Wetan;15/04/2021;Banjir;1;175;;;
2021;Cikajang;Mekarjaya;16/04/2021;Tanah Longsor;1;4;;;
2021;Cilawu;Sukamaju;17/05/2021;Tanah Longsor;1;;;;
2021;Cilawu;Sukahati;24/05/2021;Tanah Longsor;1;;;;
2021;Pamulihan;Garumukti;29/05/2021;Banjir;1;7;;;
2021;Leuwigoong;Karanganyar;01/06/2021;Kebakaran Gedung dan Pemukiman;1;;;;
2021;Malangbong;Karangmulya;01/06/2021;Lainnya;1;;;;
2021;Banjarwangi;Wangunjaya, Tanggungjaya;01/06/2021;Tanah Longsor;1;;;;
2021;Bayongbong;Mekarsari;01/06/2021;Banjir;1;60;;;
2021;Pasirwangi;Karyamekar;01/06/2021;Tanah Longsor;1;7;1;;1
2021;Tarogong Kidul;Cibunar;02/06/2021;Tanah Longsor;1;;;;
2021;Cilawu;Sukamaju;15/06/2021;Tanah Longsor;1;;;;
2021;Leles;Leles;20/06/2021;Kebakaran Gedung dan Pemukiman;1;;;;
2021;Caringin;Sukarame;22/06/2021;Tanah Longsor;1;;;;
2021;Cigedug;Cintanagara;30/07/2021;Tanah Longsor;1;8;;;
2021;Bayongbong;Bayongbong;01/08/2021;Tanah Longsor;1;5;;;
2021;Cilawu;Sukamaju;04/08/2021;Tanah Longsor;1;8;;;
2021;Sukaresmi;Cintadamai;04/08/2021;Banjir;1;8;;;
2021;Pakenjeng;Jatiwangi;07/08/2021;Kebakaran Rumah;1;16;4;;
2021;Cigedug;Cintanagara;20/08/2021;Tanah Longsor;1;9;;;
2021;Kersamanah;Sukamerang;30/08/2021;KLB Keracunan Massal;1;61;;;
2021;Singajaya;Cigintung;30/08/2021;Tanah Longsor;1;;;;
2021;Karangtengah;Caringin;02/09/2021;Kebakaran Rumah;1;5;1;;
2021;Cibatu;Kertajaya;18/09/2021;Angin Puting Beliung;1;12;;1;
2021;Talegong;Sukamulya;25/09/2021;Tanah Longsor;1;;;;
2021;Cilawu;Karyamekar;26/09/2021;Tanah Longsor;1;;;;
2021;Cilawu;Karyamekar;26/09/2021;Tanah Longsor;1;4;;1;
2021;Samarang;Cintarasa;17/10/2021;Tanah Longsor;1;;;;
2021;Cilawu;Dawungsari;19/10/2021;Tanah Longsor;1;1;;;
2021;Malangbong;Cempaka;22/10/2021;Angin Puting Beliung;1;52;;12;
2021;Malangbong;Cisitu;22/10/2021;Angin Puting Beliung;1;4;;2;
2021;Malangbong;Sukamanah;22/10/2021;Angin Puting Beliung;1;5;;;1
2021;Malangbong;Sukamanah;25/10/2021;Tanah Longsor;1;;;;
2021;Pameungpeuk;Mandalakasih;27/10/2021;Banjir;1;124;;;
2021;Cisompet;Panyindangan;27/10/2021;Tanah Longsor;1;11;;;
2021;Cisompet;Jatisari;27/10/2021;Tanah Longsor;1;11;;;
2021;Cisompet;Margamulya;27/10/2021;Tanah Longsor;1;1;;;
2021;Cikelet;Cijambe;27/10/2021;Banjir;1;;;;
2021;Banjarwangi;Tanjungjaya;28/10/2021;Tanah Longsor;1;46;;;
2021;Tarogong Kidul;Sukagalih;31/10/2021;Banjir;1;;;;
2021;Tarogong Kidul;Sukagalih;31/10/2021;Banjir;1;;;;
2021;Tarogong Kidul;Sukagalih;31/10/2021;Tanah Longsor (TPT);1;;;;
2021;Tarogong Kaler;Cimanganten;31/10/2021;Banjir;1;5;;;
2021;Tarogong Kidul;Tarogong;31/10/2021;Banjir;2;6;;;
2021;Pakenjeng;Pasirlangu;31/10/2021;Tanah Longsor;1;;;;
2021;Cikelet;Linggamanik;31/10/2021;Tanah Longsor;1;;;;
2021;Cikelet;Girimukti;31/10/2021;Tanah Longsor;1;20;;;3
2021;Cikajang;Mekerjaya;31/10/2021;Tanah Longsor;1;;;;
2021;Bungbulang;Bojong;31/10/2021;Tanah Longsor;1;4;;;
2021;Malangbong;Karangmulya;01/11/2021;Tanah Longsor ;1;;;1;
2021;Tarogong Kidul;Cibunar;01/11/2021;Tanah Longsor ;1;11;;;
2021;Cilawu;Sukamukti;01/11/2021;Tanah Longsor ;1;11;;;
2021;Tarogong Kidul;Sukagalih;01/11/2021;Tanah Longsor;1;3;;1;
2021;Tarogong Kidul;Jayawaras;02/11/2021;Rumah Roboh;1;16;1;;2
2021;Tarogong Kaler ;Sirnajaya;02/11/2021;Tanah Longsor;1;6;;;
2021;Tarogong Kidul;Jayawaras;02/11/2021;Tanah Longsor;1;6;;;
2021;Cikelet;Linggamanik;03/11/2021;Tanah Longsor;1;;;;
2021;Bayongbong;Mulyasari;03/11/2021;Tanah Longsor;1;;;;
2021;Pasirwangi;Barusari;03/11/2021;Rumah Roboh;1;6;1;;
2021;Pasirwangi;Padamukti;04/11/2021;Tanah Longsor ;1;4;;;1
2021;Karangpawitan;Lebakagung;04/11/2021;Tanah Longsor;1;;;;
2021;Cilawu;Mekarmukti;04/11/2021;Tanah Longsor;1;;;;
2021;Talegong;Sukamulya;04/11/2021;Tanah Longsor;1;;;;
2021;Tarogong Kidul;Haurpanggung;04/11/2021;Kebakaran Rumah;1;;;;
2021;Malangbong;Citeras;05/11/2021;Tanah Longsor;1;3;;;
2021;Talegong;Sukamaju;05/11/2021;Tanah Longsor;1;11;;;
2021;Pamulihan;Pakenjeng;06/11/2021;Tanah Longsor;1;6;;;1
2021;Pendeuy;Toblong;06/11/2021;Tanah Longsor;1;;;;
2021;Sukaresmi;Sukalillah;06/11/2021;Banjir Bandang;1;1202;1;2;2
2021;Cilawu;Mekarmukti;07/11/2021;Tanah Longsor ;1;10;1;;
2021;Caringin;;07/11/2021;Tanah Longsor ;1;;;;
2021;Banjarwangi;Talagasari;07/11/2021;Tanah Longsor ;1;;;;
2021;Cisompet;Depok;07/11/2021;Tanah Longsor;1;;;;
2021;Cisompet;Neglasari;07/11/2021;Tanah Longsor;1;;;;
2021;Cisompet;Sindangsari;07/11/2021;Tanah Longsor;1;;;;
2021;Pakenjeng;Tanjung Jaya;07/11/2021;Tanah Longsor;1;;;;
2021;Pakenjeng;Tegal Gede;07/11/2021;Tanah Longsor;1;;;;
2021;Cibalong;Maroko;07/11/2021;Tanah Longsor;1;;;1;
2021;Banjarwangi;Dangiang;08/11/2021;Tanah Longsor;1;;;;
2021;Sukaresmi;Cintadamai;10/11/2021;Tanah Longsor;1;;;;
2021;Cisompet;Panyindangan;11/11/2021;Tanah Longsor;1;;;;
2021;Tarogong Kaler ;Pasawahan;12/11/2021;Tanah Longsor;1;;;;
2021;Karangtengah;Cintamanik;13/11/2021;Tanah Longsor;1;;;;
2021;Pasirwangi;Sarimukti;13/11/2021;Tanah Longsor;1;;;;
2021;Banjarwangi;Talagajaya;13/11/2021;Tanah Longsor;1;12;;1;
2021;Pangatikan;Sukahurip;14/11/2021;Tanah Longsor;1;9;;;
2021;Karangpawitan;Lebakjaya;15/11/2021;Tanah Longsor;1;;;;
2021;Pakenjeng;Neglasari;15/11/2021;Tanah Longsor;1;;;;
2021;Limbangan;Simpen Kaler;15/11/2021;Tanah Longsor;1;;;;
2021;Banjarwangi;Tanjung Jaya;17/11/2021;Tanah Longsor;1;;;;
2021;Pamulihan;Linggarjati;17/11/2021;Tanah Longsor;1;;;;
2021;Limbangan;Simpen Kaler;17/11/2021;Tanah Longsor;7;;;;1
2021;Pakenjeng;Sukamulya;17/11/2021;Jembatan Ambruk;1;;;;
2021;Cilawu;Mangkurakyat;17/11/2021;Tangah Longsor;1;5;;;
2021;Cibalong;Sagara;17/11/2021;Tangah Longsor;1;6;;;
2021;Karangtengah;Cintamanik;18/11/2021;Tanah Longsor;1;3;;1;
2021;Kadungora;Rancasalak;18/11/2021;Tanah Longsor;1;;;;
2021;Pasirwangi;Karyamekar;19/11/2021;Tanah Longsor;1;;;;
2021;Banyuresmi;Sukalaksana;20/11/2021;Banjir;1;6;;;
2021;Pangatikan;Sukahurip;20/11/2021;Tanah Longsor;1;6;;1;1
2021;Banyuresmi;Sukalaksana;25/11/2021;Banjir;1;13;;;
2021;Banyuresmi;Sukasenang;25/11/2021;TPT Roboh;1;;;;
2021;Sukawening;;27/11/2021;Banjir Bandang;1;370;3;1;
2021;Karangtengah;;27/11/2021;Banjir Bandang;1;1152;3;11;1
2021;Pamulihan;Linggarjati;27/11/2021;Tanah Longsor;1;;;;
2021;Kadungora;Mandalasari;02/12/2021;Tanah Longsor;1;;;;
2021;Pamulihan;Pakenjeng;02/12/2021;Tanah Longsor;1;;;;
2021;Cikelet;Ciroyom;03/12/2021;Tanah Longsor;1;;;;
2021;Karangpawitan;Lebakagung;09/12/2021;Tanah Longsor;1;;;;
2021;Kadungora;Rancasalak;09/12/2021;Tanah Longsor;1;;;;6
2021;Malangbong;Karangmulya;11/12/2021;Tanah Longsor;1;7;;1;
2021;Cibalong;Maroko;16/12/2021;Tanah Longsor;1;;;;
2021;Cisewu;Cikarang;17/12/2021;Tanah Longsor;1;;;;
2021;Mekarmukti;Cijayana;17/12/2021;Tanah Longsor;1;;;;
2021;Pakenjeng;Neglasari;17/12/2021;Tanah Longsor;1;;;;
2021;Limbangan;Simpenkaler;17/12/2021;Tanah Longsor;1;;;;
2021;Talegong;Mekarmukti;23/12/2021;Tanah Longsor;1;;;;
2021;Pangatikan;Sukahurip;23/12/2021;Tanah Longsor;1;25;;2;
2021;Talegong;Sukamulya;23/12/2021;Tanah Longsor;3;;;;
2021;Singajaya;Sukawangi;23/12/2021;Tanah Longsor;1;3;;1;
2021;Cisewu;Nyalindung;25/12/2021;Tanah Longsor;1;;;;
2021;Cisewu;Panggalih;25/12/2021;Tanah Longsor;1;;;;
2021;Cisewu;Cikarang;25/12/2021;Banjir;1;;;;
2021;Leles;Jangkurang;25/12/2021;Angin Puting Beliung;1;;;;8
2021;Cilawu;Sukamaju;25/12/2021;Tanah Longsor;1;;;;
2021;Singajaya;Karangagung;25/12/2021;Tanah Longsor;1;5;;;
2021;Banjarwangi;Tanjungjaya;25/12/2021;Tanah Longsor;1;;;;
2021;Talegong;Mekarmulya;25/12/2021;Banjir dan Tanah Longsor;2;38;8;;
2021;Talegong;Selaawi;25/12/2021;Banjir dan Tanah Longsor;2;194;;;
2021;Talegong;Mekarwangi;25/12/2021;Banjir dan Tanah Longsor;2;10;;;
2021;Cibatu;Kertajaya;27/12/2021;Angin Puting Beliung;1;;;;3
2021;Singajaya;Pancasura;27/12/2021;Lainnya;1;;;;
2021;Banyuresmi;Sukakarya;28/12/2021;Banjir;1;;;1;38
2021;Pamulihan;Linggarjati;28/12/2021;Banjir;1;7;;;2
2021;Talegong;Mekarmukti;30/12/2021;Angin Puting Beliung;1;;;;
2022;Limbangan;Simpen Kiler;10/01/2022;Tanah Longsor;1;11;;;1
2022;Samarang;Parakan;10/01/2022;Tanah Longsor;1;11;;1;
2022;Selaawi;Selaawi;13/01/2022;Banjir;1;76;;;
2022;Selaawi;Putrajawa;13/01/2022;Banjir;1;23;;;
2022;Selaawi;Mekarsari;13/01/2022;Banjir;1;9;;;
2022;Selaawi;Samida;13/01/2022;Banjir;1;;;;
2022;Selaawi;Cirapuhan;13/01/2022;Banjir;1;;;;
2022;Selaawi;Pelitaasih;13/01/2022;Banjir;1;;;;
2022;Cilawu;Mangkurakyat;15/01/2022;Tanah Longsor;1;10;;;
2022;Tarogong kidul;Sukajaya;18/01/2022;Tanah Longsor;1;;;;
2022;Cisurupan;Sukatani;19/01/2022;Banjir;1;;;;
2022;Cikajang;Cikandang;19/01/2022;Banjir;1;48;;;
2022;Cigedug;Cigedug;21/01/2022;Tanah Longsor;1;;;;
2022;Garut kota;Sukanegla;22/01/2022;Tanah Longsor;1;3;;1;
2022;Leles;Leles;24/01/2022;Angin Puting Beliung;1;135;2;;29
2022;Kadungora;Neglarasi;24/01/2022;Angin Puting Beliung;1;;1;;
2022;Karangpawitan;Lebakagung;23/01/2022;Tanah Longsor;1;8;;;
2022;Garut Kota;Sukanegla;25/01/2022;Tanah Longsor;1;;;;
2022;Cisurupan;Sukawargi;31/01/2022;Banjir;1;32;;;
2022;Cikajang;Padasuka;31/01/2022;Tanah Longsor;1;9;;;
2022;Cisurupan;Balewangi;02/02/2022;Banjir;1;;;;
2022;Cisurupan;Sukatani;09/02/2022;Tanah Longsor;1;;;;
2022;Cilawu;Sukamukti;09/02/2022;Tanah Longsor;1;;;;
2022;Cisompet;Sukamukti;09/02/2022;Angin Puting Beliung;1;21;;;7
2022;Cibalong;Simpang;09/02/2022;Angin Puting Beliung;1;;;;2
2022;Pamulihan;Garumukti;09/02/2022;Tanah Longsor;2;;;;
2022;Cikajang;Mekarwangi;17/02/2022;Banjir;1;110;;;28
2022;Cilawu;Ngamplangsari;19/02/2022;Tanah Longsor;1;;;;
2022;Pasirwangi;Pasirwangi;20/02/2022;Tanah Longsor;1;;;;
2022;Cikajang;Mekarsari;23/02/2022;Banjir;1;83;;;
2022;Cikajang;Mekarsari;23/02/2022;Tanah Longsor;1;8;;;2
2022;Cisurupan;Sukawargi;23/02/2022;Banjir;1;47;;;
2022;Cisurupan;Sukatani;23/02/2022;Banjir;1;63;;;
2022;Cisurupan;Cidatar;23/02/2022;Banjir;1;13;;;
2022;Sukaresmi;Padamukti;02/03/2022;Angin Puting Beliung;1;;;;1
2022;Talegong;Mekarmulya;03/03/2022;Tanah Longsor;1;;;;
2022;Malangbong;Bunisari;05/03/2022;Tanah Longsor;1;27;;;
2022;Karangtengah;Caringin;06/03/2022;Tanah Longsor;1;;;;
2022;Bayongbong;Mekarsari;10/03/2022;Banjir;3;42;;;
2022;Karangpawitan;Tanjungsari;11/03/2022;Angin Puting Beliung;1;19;;;5
2022;Karangpawitan;Sindangpalay;11/03/2022;Angin Puting Beliung;1;6;1;;
2022;Pasirwangi;Sukanegla;12/03/2022;Tanah Longsor;1;16;;;2
2022;Kadungora;Karangtengah;13/03/2022;Banjir;1;24;;;
2022;Banyuresmi;Sukalaksana;13/03/2022;Banjir;1;78;;;
2022;Tarogong kaler;Sukajadi;13/03/2022;Banjir;1;;;;
2022;Tarogong kaler;Mekarwangi;13/03/2022;Banjir;1;40;;;
2022;Tarogong kaler;Sukawangi;13/03/2022;Banjir;1;44;;;
2022;Cibiuk;Lingkungpasir;13/03/2022;Tanah Longsor;1;4;1;;
2022;Garut Kota;Sukanegla;13/03/2022;Tanah Longsor;1;13;;;
2022;Leles;Jangkurang;13/03/2022;Tanah Longsor;1;6;;2;
2022;Leles;Jangkurang;13/03/2022;Banjir;3;99;;;
2022;Bayongbong;Banjarsari;15/03/2022;Angin Puting Beliung;1;;;;
2022;Pangatikan;Cimaragas;17/03/2022;Tanah Longsor;1;;;;
2022;Bayongbong;Hegarmanah;17/03/2022;Tanah Longsor;1;3;;1;
2022;Cigedug;Barusuda;18/03/2022;Tanah Longsor;1;12;;;
2022;Peundeuy;Peundeuy;18/03/2022;Angin Puting Beliung;1;5;1;;
2022;Karangpawitan;Suci;19/03/2022;Banjir;1;34;;;
2022;Garut Kota;Cimuncang;20/03/2022;Tanah Longsor;2;4;;;1
2022;Banyuresmi;Sukasenang;20/03/2022;Angin Puting Beliung;1;;;;
2022;Garut Kota;Sukamentri;20/03/2022;Angin Puting Beliung;1;;;;
2022;Garut Kota;Muarasanding;24/03/2022;Banjir;2;18;;;
2022;Garut Kota;Kota Kulon;24/03/2022;Tanah Longsor;1;12;;;
2022;Karangpawitan;Situgede;25/03/2022;Tanah Longsor;1;4;;;
2022;Bayongbong;Ciela;25/03/2022;Tanah Longsor;1;5;1;;1
2022;Sucinaraja;Cigadog;25/03/2022;Tanah Longsor;4;7;;;1
2022;Karangpawitan;Situgede;25/03/2022;Tanah Longsor;1;7;;;
2022;Karangpawitan;Godog;26/03/2022;Tanah Longsor;1;24;;;1
2022;Malangbong;Barudua;27/03/2022;Tanah Longsor;1;;;;
2022;Malangbong;Mekarmulya;27/03/2022;Tanah Longsor;1;;;;
2022;Selaawi;Pelitaasih;28/03/2022;Tanah Longsor;1;;;;
2022;Sukaresmi;Sukaresmi;28/03/2022;Tanah Longsor;1;;;;
2022;Karangtengah;Cinta;31/03/2022;Tanah Longsor;1;;;;3
2022;Karangtengah;Sindanggalih;31/03/2022;Tanah Longsor;1;;;;
2022;Cikajang;Simpang;31/03/2022;Tanah Longsor;1;5;;;
2022;Kadungora;Mandalasari;31/03/2022;Tanah Longsor;1;3;;;1
2022;Garut Kota;Kota Wetan;02/04/2022;Angin Puting Beliung;1;59;;;
2022;Garut Kota;Ciwalen;03/04/2022;Angin Puting Beliung;1;429;2;;130
2022;Cihurip;Jayamukti;03/04/2022;Tanah Longsor;2;26;;;
2022;Talegong;Mekarmulya;04/04/2022;Tanah Longsor;1;;;;
2022;Malangbong;Sanding;05/04/2022;Tanah Longsor;1;3;;;
2022;Cisompet;Margamulya;16/04/2022;Tanah Longsor;4;;;;
2022;Talegong;Mekarmulya;16/04/2022;Tanah Longsor;1;;;;
2022;Talegong;Sukamulya;16/04/2022;Tanah Longsor;1;;;;
2022;Pamulihan;Pakenjeng;16/04/2022;Tanah Longsor;1;4;;;1
2022; Garut Kota;Cimuncang;19/04/2022;Tanah Longsor;1;14;;;3
2022;Pakenjeng;Depok;19/04/20212;Tanah Longsor;1;;;;
2022;Pakenjeng;Panyindangan;19/04/2022;Tanah Longsor;2;74;;;5
2022;Banjarwangi;Talagasari;20/04/2022;Tanah Longsor;1;;;;
2022;Cisurupan;Keramatwangi;20/04/2022;Tanah Longsor;1;5;;;
2022;Caringin;Sukarame;20/04/2022;Tanah Longsor;1;;;;
2022;Pamulihan;Linggarjati;20/04/2022;Tanah Longsor;1;;;;
2022;Selaawi;Putrajawa;21/04/2022;Tanah Longsor;1;7;;;
2022;Singajaya;Sukamulya;22/04/2022;Tanah Longsor;1;25;;;
2022;Malangbong;Cempaka;22/04/2022;Tanah Longsor;1;4;;;
2022;Malangbong;Cinagara;22/04/2022;Tanah Longsor;1;0;;;
2022;Singajaya;Girimukti;24/04/2022;Tanah Longsor;1;19;;;2
2022;Malangbong;Sukarasa;24/04/2022;Tanah Longsor;1;6;;;
2022;Cilawu;Dangiang;25/04/2022;Tanah Longsor;1;;;;
2022;Cilawu;Ngamplang;27/04/2022;Pohon Tumbang;1;9;;;
2022;Pasirwangi;Sukanagara;02/05/2022;Tanah Longsor;1;;;;
2022;Malangbong;Sukawayana;04/05/2022;Tanah Longsor;1;;;;
2022;Cikajang;Cipangramatan;08/05/2022;Tanah Longsor;1;;;;
2022;Banyuresmi;Sukalaksana;09/05/2022;Banjir;1;58;;;
2022;Banyuresmi;Sukakarya;09/05/2022;Banjir;1;6;;;
2022;Leles;Haruman;09/05/2022;Tanah Longsor;1;;;;
2022;Cisewu;Mekarsewu;15/05/2022;Tanah Longsor;1;;;;
2022;Talegong;Sukamulya;15/05/2022;Tanah Longsor;1;;;;
2022;Karangpawitan;Suci Kaler;15/05/2022;Cuaca Ektrim ;1;;;;
2022;Karangpawitan;Suci Kaler;15/05/2022;Cuaca Ektrim ;1;;;;
2022;Cikelet;Awassagara;24/05/2022;Cuaca Ektrim ;1;;;;
2022;Samarang;Sukakarya;28/05/2022;Cuaca Ektrim ;1;4;;;2
2022;Limbangan;Samida;31/05/2022;Tanah Longsor;1;;;;
2022;Karangpawitan;Godog;04/06/2022;Tanah Longsor;1;5;1;;
2022;Malangbong;Lewo baru;06/06/2022;Tanah Longsor;1;5;;1;
2022;Malangbong;Citeras;07/06/2022;Cuaca Ekstrim;1;4;;1;
2022;Pamulihan;Garumukti;14/06/2022;Tanah Longsor;1;;;;
2022;Cibalong;Simpang;16/06/2022;Tanah Longsor;1;4;;;1
2022;Cilawu;Sukamaju;17/06/2002;Tanah Longsor;1;3;;;
2022;Cilawu;Pasanggrahan;26/06/2002;Tanah Longsor;1;;;;
2022;Cikajang;Girijaya;26/06/2002;Tanah Longsor;1;17;;;2
2022;Leuwigoong;Leuwigoong;26/06/2002;Cuaca Ekstrim;1;;;;
2022;Karangpawitan;Situsari;28/06/2002;Tanah Longsor;1;13;;;
2022;Cibalong;Najaten, sagara, Sancang;03/07/2022;Banjir;3;132;;;
2022;Karang Tengah;Sindanggalih;07/07/2022;Tanah Longsor;1;;;;
2022;Cikajang;Mekarjaya;15/07/2022;Banjir;2;675;;;3
2022;Cikajang;Cibodas;15/07/2022;Banjir;1;288;8;1;2
2022;Cikajang;Mekarsari;15/07/2022;Banjir dan Longsor;1;57;1;;
2022;Cikajang;Cikajang;15/07/2022;Banjir dan Longsor;1;;;;
2022;Cikajang;Simpang;15/07/2022;Banjir dan Longsor;1;;;;
2022;Cikajang;Girijaya;15/07/2022;Banjir dan Longsor;1;;;19;1
2022;Cikajang;Giriawas;15/07/2022;Banjir dan Longsor;1;;;;
2022;Cibatu;Mekarsari;15/07/2022;Banjir;1;45;;;
2022;Cibatu;Sindangsuka;15/07/2022;Banjir;1;33;;;
2022;Banjarwangi;Banjarwangi;15/07/2022;Banjir;1;99;;;
2022;Banjarwangi;Padahurip;15/07/2022;Banjir;1;111;;;
2022;Banjarwangi;Jayabakti;15/07/2022;Tanah Longsor;1;27;;4;20
2022;Banjarwangi;Wangunjaya;15/07/2022;Banjir;1;;;;
2022;Banjarwangi;Bojong;15/07/2022;Banjir;1;;5;5;5
2022;Banjarwangi;Mulyajaya;15/07/2022;Banjir;1;;;6;
2022;Banjarwangi;Tanjungjaya;15/07/2022;Banjir;1;;8;;5
2022;Banjarwangi;Dangiang;15/07/2022;Banjir;1;;;;9
2022;Banjarwangi;Talagasari;15/07/2022;Banjir;1;;;;
2022;Banjarwangi;Kadongdong;15/07/2022;Banjir;1;51;;;1
2022;Garut Kota;Paminggir;15/07/2022;Banjir;1;393;;;
2022;Garut Kota;Sukanegla;15/07/2022;Banjir;1;117;3;1;
2022;Garut Kota;Muarasanding;15/07/2022;Banjir;1;435;2;2;
2022;Garut Kota;Kotawetan;15/07/2022;Banjir;1;837;2;;
2022;Garut Kota;Margawati;15/07/2022;Banjir dan Longsor;1;270;;1;2
2022;Garut Kota;Cimuncang ;15/07/2022;Banjir dan Longsor;1;276;;1;2
2022;Garut Kota;Pakuwon;15/07/2022;Banjir;1;549;;;
2022;Garut Kota;Regol;15/07/2022;Banjir;1;1707;;;
2022;Garut Kota;Ciwalen;15/07/2022;Banjir;1;2487;;;
2022;Garut Kota;Kota Kulon;15/07/2022;Banjir;1;1263;;;
2022;Garut Kota;Sukamentri;15/07/2022;Banjir;1;1143;10;3;1
2022;Tarogong Kidul;Sukajaya ;15/07/2022;Banjir;6;399;;;
2022;Tarogong Kidul;Kersamenak ;15/07/2022;Banjir;1;111;26;;1
2022;Tarogong Kidul;Jayawaras;15/07/2022;Banjir;2;123;;;
2022;Tarogong Kidul;Sukakarya;15/07/2022;Banjir;1;477;;;
2022;Tarogong Kidul;Mekargalih ;15/07/2022;Banjir;1;117;;;
2022;Tarogong Kidul;Cibunar ;15/07/2022;Banjir;1;114;;;
2022;Tarogong Kidul;Sukabakti;15/07/2022;Banjir;5;420;;1;1
2022;Tarogong Kidul;Haurpanggung;15/07/2022;Banjir;10;2883;;;
2022;Tarogong Kidul;Sukagalih;15/07/2022;Banjir;1;;1;;
2022;Tarogong Kidul;Pataruman;15/07/2022;Banjir;1;;;;
2022;Karangpawitan;Suci;15/07/2022;Banjir;1;459;;;
2022;Karangpawitan;Cimurah;15/07/2022;Banjir;3;9;;;
2022;Karangpawitan;Situjaya;15/07/2022;Banjir;1;3;;;
2022;Karangpawitan;Suci Kaler;15/07/2022;Banjir;1;243;;;
2022;Karangpawitan;Lengkongjaya;15/07/2022;Banjir;1;27;9;;
2022;Karangpawitan;Karangmulya;15/07/2022;Banjir;1;15;;;
2022;Karangpawitan;Karangsari;15/07/2022;Banjir;1;;;;
2022;Karangpawitan;Mekarasari;15/07/2022;Banjir;1;;;;
2022;Karangpawitan;Lebakjaya;15/07/2022;Banjir;1;;;;
2022;Karangpawitan;Sindanglaya;15/07/2022;Banjir;1;120;;;
2022;Bayongbong;Pamalayan;15/07/2022;Banjir;1;3;1;;
2022;Bayongbong;Ciburuy;15/07/2022;Banjir;3;18;;;
2022;Bayongbong;Bayongbong;15/07/2022;Tanah Longsor;2;21;5;;
2022;Bayongbong;Karyajaya;15/07/2022;Banjir;2;24;;;
2022;Bayongbong;Sukasenang;15/07/2022;Tanah Longsor;1;30;1;;
2022;Bayongbong;Mulyasari;15/07/2022;Banjir;1;63;;;
2022;Bayongbong;Mekarjaya;15/07/2022;Banjir;2;12;;;
2022;Bayongbong;Mekarsari;15/07/2022;Banjir;2;0;;;
2022;Bayongbong;Sirnagalih;15/07/2022;Banjir;1;72;;;
2022;Bayongbong;Banjarsari;15/07/2022;Banjir;1;45;;;
2022;Bayongbong;Hegarmanah;15/07/2022;Banjir;1;24;;;
2022;Bayongbong;Ciela;15/07/2022;Banjir;1;;;;
2022;Bayongbong;Cikedokan;15/07/2022;Banjir;1;;;;
2022;Bayongbong;Sukarame;15/07/2022;Banjir;1;;;;
2022;Bayongbong;Salakuray;15/07/2022;Banjir;7;;;;
2022;Tarogong kaler;Mekarwangi;15/07/2022;Banjir;2;27;;;
2022;Banyuresmi;Cipicung;15/07/2022;Banjir;1;3;;;
2022;Banyuresmi;Sukasenang;15/07/2022;Banjir;1;165;1;;
2022;Banyuresmi;Sukaratu;15/07/2022;Banjir;1;351;;;
2022;Cilawu;Ngamplangsari;15/07/2022;Banjir;2;402;1;5;5
2022;Cilawu;Mekarsari;15/07/2022;Tanah Longsor;1;36;2;1;
2022;Cilawu;Ngamplang;15/07/2022;Tanah Longsor;1;51;3;2;1
2022;Cilawu;Sukamaju;15/07/2022;Tanah Longsor;1;231;;1;5
2022;Cilawu;Sukamurni;15/07/2022;Tanah Longsor;1;15;;;
2022;Cilawu;Mangkurakyat;15/07/2022;Banjir dan Longsor;1;201;51;15;1
2022;Cilawu;Sukamukti;15/07/2022;Tanah Longsor;1;48;6;;
2022;Cilawu;Mekarmukti;15/07/2022;Tanah Longsor;1;;;5;2
2022;Cilawu;Sukatani;15/07/2022;Tanah Longsor;1;87;;;
2022;Cilawu;Pasanggrahan;15/07/2022;Banjir dan Longsor;1;54;2;1;
2022;Cilawu;Cilawu;15/07/2022;Banjir dan Longsor;1;;;1;
2022;Cilawu;Dayeuhmanggung;15/07/2022;Banjir dan Longsor;1;60;9;;
2022;Cilawu;Desakolot;15/07/2022;Banjir dan Longsor;1;;;;
2022;Cilawu;Karyamekar;15/07/2022;Banjir dan Longsor;1;;28;;
2022;Cilawu;Dawungsari;15/07/2022;Banjir dan Longsor;1;;18;12;
2022;Cilawu;Dangiang;15/07/2022;Banjir dan Longsor;1;6;1;;
2022;Pasirwangi;Padamukti;15/07/2022;Banjir;1;75;;;
2022;Pasirwangi;Pasirwangi;15/07/2022;Tanah Longsor;1;;;;
2022;Pasirwangi;Karyamekar;15/07/2022;Tanah Longsor;1;3;;;1
2022;Pasirwangi;Barusari;15/07/2022;Tanah Longsor;1;3;;;
2022;Pasirwangi;Padasuka;15/07/2022;Banjir;1;;;;
2022;Pasirwangi;Padaasih;15/07/2022;Banjir;1;;;;
2022;Pasirwangi;Padaawas;15/07/2022;Banjir;1;;;;
2022;Singajaya;Singajaya;15/07/2022;Banjir;1;;;;
2022;Singajaya;Karangagung;15/07/2022;Tanah Longsor;1;9;;;1
2022;Singajaya;Sukawangi;15/07/2022;Tanah Longsor;1;6;3;;
2022;Singajaya;Mekartani;15/07/2022;Tanah Longsor;1;;;;
2022;Singajaya;Pancasura;15/07/2022;Tanah Longsor;1;;;;
2022;Singajaya;Ciudian;15/07/2022;Banjir;1;27;4;;
2022;Cigedug;Barusuda;15/07/2022;Banjir;2;84;;1;
2022;Cigedug;Cigedug;15/07/2022;Banjir;1;144;;;
2022;Cigedug;Sindangsari;15/07/2022;Banjir;1;;;;
2022;Samarang;Cintarasa;15/07/2022;Tanah Longsor;4;12;;;1
2022;Samarang;Sukalaksana;15/07/2022;Tanah Longsor;3;3;;;1
2022;Samarang;Sirnasari;15/07/2022;Banjir;1;267;;;
2022;Samarang;Cintaasih;15/07/2022;Banjir;1;;;;
2022;Samarang;Samarang;15/07/2022;Banjir;3;126;;;
2022;Samarang;Cintakarya;15/07/2022;Banjir;1;3;;2;
2022;Samarang;Cisarua;15/07/2022;Tanah Longsor;1;;;;
2022;Samarang;Cintarakyat;15/07/2022;Banjir;1;;;;
2022;Samarang;Sukarasa;15/07/2022;Banjir;1;;3;3;1
2022;Sukaresmi;Mekarjaya;04/08/2022;Tanah Longsor;1;3;;;
2022;Cibalong;Sagara;11/08/2022;Tanah Longsor;1;15;;;
2022;Cibalong;Mekarwangi;11/08/2022;Tanah Longsor;1;;;;
2022;Pameungpeuk;Bojong;05/09/2022;Tanah Longsor;1;;;;
2022;Pamulihan;Linggarjati;07/09/2022;Tanah Longsor;1;3;;;
2022;Cisompet;Panyindangan;08/09/2022;Tanah Longsor;1;22;;;
2022;Karangpawitan;Situsari;08/09/2022;Tanah Longsor;1;;;;
2022;Cihurip;Jayamukti;09/09/2022;Tanah Longsor;1;8;;;
2022;Cisompet;Sindangsari;09/09/2022;Tanah Longsor;1;;;;
2022;Pasirwangi;Sarimukti;10/09/2022;Tanah Longsor;1;;;;
2022;Leles;Haruman;10/09/2022;Lainnya;1;6;1;;
2022;Banjarwangi;Bojong;11/09/2022;Banjir;1;20;;;
2022;Cilawu;Karyamekar;11/09/2022;Tanah Longsor;1;6;;1;
2022;Bayongbong;Sukasenang;11/09/2022;Tanah Longsor;1;2;;;
2022;Cilawu;Sukatani;11/09/2022;Tanah Longsor;1;;;;
2022;Cikajang;Keramatwangi;12/09/2022;Tanah Longsor;1;;;;
2022;Selaawi;Samida, Pelita Asih;13/09/2022;Angin Puting Beliung;1;28;;;
2022;Cikelet;Cigadog;17/09/2022;Angin Puting Beliung;1;3;;;
2022;Cilawu;Sukamaju;18/09/2022;Tanah Longsor;1;;;;
2022;Karangpawitan;Godog, Tanjungsari;21/09/2022;Angin Puting Beliung;1;126;;;
2022;Pameungpeuk;Mandalakasih;22/09/2022;Banjir Bandang;1;1302;2;8;
2022;Pameungpeuk;Paas;22/09/2022;Banjir Bandang;1;862;1;;
2022;Pameungpeuk;Sirnabakti;22/09/2022;Banjir Bandang;1;617;;11;4
2022;Pameungpeuk;Pameungpeuk;22/09/2022;Banjir Bandang;1;763;;;10
2022;Pameungpeuk;Bojong Kidul;22/09/2022;Banjir Bandang;1;147;1;;
2022;Pameungpeuk;Bojong Kaler;22/09/2022;Banjir Bandang;1;;;;
2022;Cisompet;Sukamukti;22/09/2022;Tanah Longsor;1;2;1;;
2022;Cisompet;Sukamukti;22/09/2022;Banjir Bandang;1;;;;
2022;Cisompet;Sukanagara;22/09/2022;Tanah Longsor;1;85;;;
2022;Cisompet;Sukanagara;22/09/2022;Banjir Bandang;1;;;;
2022;Cisompet;Neglasari;22/09/2022;Tanah Longsor;1;;;;
2022;Cisompet;Cihaurkuning;22/09/2022;Tanah Longsor;1;;;;
2022;Cisompet;Cihaurkuning;22/09/2022;Banjir Bandang;1;;;;
2022;Cisompet;Jatisari;22/09/2022;Tanah Longsor;1;;;;
2022;Cisompet;Sindangsari;22/09/2022;Tanah Longsor;1;;;;
2022;Cisompet;Margamulya;22/09/2022;Tanah Longsor;1;;;;
2022;Cisompet;Margamulya;22/09/2022;Banjir Bandang;1;;;;
2022;Cisompet;Panyindangan;22/09/2022;Banjir Bandang;1;;;;
2022;Cibalong;Mekarmukti;22/09/2022;Banjir Bandang;1;4;;;
2022;Cibalong;Mekarsari;22/09/2022;Banjir Bandang;1;;;;
2022;Cibalong;Mekarwangi;22/09/2022;Tanah Longsor;1;;;;
2022;Cibalong;Simpang;22/09/2022;Banjir Bandang;1;;;;
2022;Banjarwangi;Jayabakti;22/09/2022;Tanah Longsor;1;17;;;
2022;Singajaya;Singajaya;22/09/2022;Tanah Longsor;1;19;;;1
2022;Singajaya;Karangagung;22/09/2022;Tanah Longsor;1;1;;;1
2022;Singajaya;Sukawangi;22/09/2022;Tanah Longsor;1;4;;;
2022;Singajaya;Pancasura;22/09/2022;Tanah Longsor;1;25;;;
2022;Singajaya;Sukamulya;22/09/2022;Tanah Longsor;1;7;;;2
2022;Singajaya;Ciudian;22/09/2022;Tanah Longsor;1;32;;;
2022;Singajaya;Girimukti;22/09/2022;Tanah Longsor;1;;;;
2022;Karangpawitan;Lebak Agung;28/09/2022;Tanah Longsor;1;2;;;
2022;Cisompet;Sindangsari;29/09/2022;Tanah Longsor;1;;;;
2023;Banjarwangi;Banjarwangi;03/01/2023;Gempa Bumi ;1;2;;;1
2023;Malangbong;Girimakmur;08/01/2023;Tanah Longsor;1;3;;;
2023;Peundeuy;Peundeuy;09/01/2023;Tanah Longsor;1;_;;;
2023;Bl. Limbangan;Ciwangi;19/01/2023;Tanah Longsor;1;_;;;
2023;Pamulihan;Pakenjeng;20/01/2023;Tanah Longsor;1;4;;;
2023;Pamulihan;Linggarjati;20/01/2023;Tanah Longsor;1;_;;;
2023;Bungbulang;Mekarjaya;20/01/2023;Banjir;1;23;;;
2023;Bungbulang;Gunamekar;20/01/2023;Banjir;1;_;;;
2023;Mekarmukti;Jagabaya;20/01/2023;Banjir;1;4;;;
2023;Bungbulang;Cihikeu;20/01/2023;Tanah Longsor;1;3;;;1
2023;Pakenjeng;Depok;20/01/2023;Tanah Longsor;1;3;;;
2023;Garut Kota;Cimuncang;21/01/2023;Tanah Longsor;1;3;;;1
2023;Cibatu;Karyamukti;25/01/2023;Tanah Longsor;1;4;;;
2023;Pamulihan;Pananjung;26/01/2023;Tanah Longsor;1;5;;;
2023;Malangbong;Cibunar;28/01/2023;Cuaca Ekstrim;1;3;1;;
2023;Singajaya;Karangagung;29/01/2023;Tanah Longsor;1;;;;
2023;Singajaya;Parakan;01/02/2023;Gempa Bumi;1;44;2;3;39
2023;Singajaya;Cisarua;00/01/1900;Gempa Bumi;1;115;8;17;90
2023;Singajaya;Sukarasa;00/01/1900;Gempa Bumi;1;8;;;8
2023;Singajaya;Samarang;00/01/1900;Gempa Bumi;1;2;1;;1
2023;Singajaya;Sukakarya;00/01/1900;Gempa Bumi;1;1;;1;
2023;Singajaya;Tanjungkarya;00/01/1900;Gempa Bumi;1;2;1;1;
2023;Pasirwangi;Pasirwangi;00/01/1900;Gempa Bumi;1;53;;1;39
2023;Pasirwangi;Padawaas;00/01/1900;Gempa Bumi;1;398;1;15;168
2023;Pasirwangi;Karyamekar;00/01/1900;Gempa Bumi;1;15;;1;9
2023;Pasirwangi;Barusari;00/01/1900;Gempa Bumi;1;284;6;18;71
2023;Pasirwangi;Padamulya;00/01/1900;Gempa Bumi;1;13;;;10
2023;Talegong;Selaawi;04/02/2023;Anging Puting Beluing;1;4;;1;
2023;Banjarwangi;Tanjungjaya;09/02/2023;Anging Puting Beluing;1;11;;;3
2023;Banyuresmi;Dangdeur;18/02/2023;Cuaca Ekstrim;1;81;;;13
2023;Banyuresmi;Binakarya;18/02/2023;Cuaca Ekstrim;1;4;;;1
2023;Cisompet;Panyindangan;19/02/2023;Pergerakan Tanah;1;;;;1
2023;Talegong;Sukamulya;19/02/2023;Tanah Longsor;1;;;;
2023;Cilawu;Dawungsari;24/02/2023;Tanah Longsor;1;1;;1;
2023;Tarogong Kaler;Langeunsari;08/03/2023;Banjir;1;;;;
2023;;Jati;00/01/1900;Banjir;1;35;;;
2023;Garut Kota;Margawati;08/03/2023;Tanah Longsor;1;;;;
2023;Karangtengah;Caringin;08/03/2023;Tanah Longsor;1;2;;;1
2023;Pasirwangi;Padamulya;08/03/2023;Tanah Longsor;1;;;;
2023;;Sirnajaya;00/01/1900;Tanah Longsor;1;;;;
2023;Tarogong Kidul;Sukakarya;08/03/2023;Banjir ;1;;;;
2023;Tarogong Kidul;Sukajaya;00/01/1900;Banjir ;1;;;;
2023;Tarogong Kidul;Haurpanggung;00/01/1900;Banjir ;1;;;;
2023;Banyuresmi;Sukasenang;08/03/2023;Banjir ;1;222;;;
2023;Cilawu;Dangiang;17/03/2023;Angin Puting Beliung;1;1;;;1
2023;Pasirwangi;Padaawas;17/03/2023;Banjir;1;30;;;
2023;Cibalong;Karyamukti;17/03/2023;Banjir;1;95;;;
2023;Cibatu;Keresek;18/03/2023;Tanah Longsor;1;;;;
2023;Selaawi;Mekarsari;20/03/2023;Tanah Longsor;1;;;;
2023;Banjarwangi;Kadongdong;21/03/2023;Angin Puting Beliung;1;;;;
2023;Cilawu;Mekarsari;22/03/2023;Tanah Longsor;1;4;;;1
2023;Karangtengah;Caringin;26/03/2023;Tanah Longsor;1;;;;
2023;Cikajang;Girijaya;27/03/2023;Tanah Longsor;1;10;;;3
2023;Caringin;Purbayani;29/03/2023;Angin Puting Beliung;1;4;;;1
2023;Banyuresmi;Sukamukti;29/03/2023;Banjir;1;80;;;
2023;;Sukaratu;00/01/1900;Banjir;1;14;;;
2023;;Sukalaksana;00/01/1900;Banjir;1;45;;;
2023;Bayongbong;Karyajaya;29/03/2023;Banjir;1;6;;;
2023;Bayongbong;Sukarame;00/01/1900;Banjir;1;9;;;
2023;Bayongbong;Salakuray;00/01/1900;Banjir;1;11;;;
2023;Bayongbong;Sirnagalih;00/01/1900;Banjir;1;3;;;
2023;Cikajang;Cikajang;29/03/2023;Tanah Longsor;1;7;;;1
2023;Talegong;Mekarmulya;29/03/2023;Tanah Longsor;1;;;;
2023;Talegong;Sukamulya;10/04/2023;Tanah Longsor;1;;;;
2023;Karangpawitan;Karangpawitan;12/04/2023;Lain-Lain (Hidrometeorologi);1;15;;;4
2023;Cibalong;Mekarsari;14/04/2023;Lain-Lain (Hidrometeorologi);1;;;;
2023;Selaawi;Cirapuhan;15/04/2023;Lain-Lain (Hidrometeorologi);1;4;;;
2023;Pasirwangi;Sirnajaya;15/04/2023;Tanah Longsor;1;;;;
2023;Kersamanah;Kersamanah;16/04/2023;Angin Puting Beliung;1;22;;;5
2023;Kersamanah;Nanjungjaya;00/01/1900;Angin Puting Beliung;;28;;;7
2023;Selaawi;Mekarsari;16/04/2023;Angin Puting Beliung;1;4;;;1
2023;Bayongbong;Arjasari;16/04/2023;Lain-Lain (Hidrometeorologi);1;3;;;1
2023;Selaawi;Mekarsari;16/04/2023;Lain-Lain (Hidrometeorologi);1;24;;;7
2023;Sukawening;Sukasono;16/04/2023;Banjir;1;19;;;1
2023;Samarang;Cisaarua;24/04/2023;Tanah Longsor;1;;;;
2023;Cilawu;Sukamaju;25/04/2023;Tanah Longsor;1;4;;;
2023;Samarang;Cipancer;25/04/2023;Tanah Longsor;1;7;;;
2023;Cikelet;Pamalayan;25/04/2023;Orang Tenggelam;1;;;;
2023;Talegong;Sukalaksana;26/04/2023;Orang Tenggelam;1;;;;
2023;Tarogong Kaler;Tanjung Kemuning;26/04/2023;Banjir;1;;;;
2023;Talegong;Sukalaksana;26/04/2023;Tanah Longsor;1;4;;;1
2023;Leles;Margaluyu;26/04/2023;Tanah Longsor;1;5;;;1
2023;Talegong;Sukamulya;26/04/2023;Tanah Longsor;1;;;;
2023;Tarogong Kaler;Sirnajaya;26/04/2023;Tanah Longsor;1;;;;
2023;Pasirwangi;Pasirwangi;27/04/2023;Tanah Longsor;1;5;;;
2023;Talegong;Mekarmukti;28/04/2023;Tanah Longsor;1;;;;
2023;Singajaya;Karangagung;28/04/2023;Tanah Longsor;1;3;;;1
2023;Pameungpeuk;Msncsgshsr;28/04/2023;Orang Tenggelam;1;;;;
2023;Pameungpeuk;Msncsgshsr;29/04/2023;Orang Tenggelam;1;;;;
2023;Pamulihan;Pakenjeng;29/04/2023;Tanah Longsor;1;;;;
2023;Cikajang;Margamulya;29/04/2023;Banjir;1;27;;;
2023;Singajaya;Karangagung;29/04/2023;Tanah Longsor;1;3;;;1
2023;Cisurupan;Cisurupan;29/04/2023;Tanah Longsor;1;4;;;
2023;Banjarwangi;Jayabakti;29/04/2023;Tanah Longsor;1;9;;;
2023;Banjarwangi;Bojong;29/04/2023;Tanah Longsor;1;7;;;
2023;Banjarwangi;Dangiang;29/04/2023;Tanah Longsor;1;8;;;
2023;Kadungora;Hegarsari;30/04/2023;Tanah Longsor;1;14;;;3
2023;Singajaya;Karangagung;30/04/2023;Tanah Longsor;1;;;;
2023;Banyuresmi;Sukalaksana;02 Mei 2023;Banjir;1;19;;;
2023;Banyuresmi;Sukaraja;02 Mei 2023;Tanah Longsor;1;;;;
2023;Samarang;Tanjungkarya;02 Mei 2023;Tanah Longsor;1;3;;;
2023;Pasirwangi;Karyamekar;03 Mei 2023;Tanah Longsor;1;14;;;1
2023;Pasirwangi;Karyamekar;04 Mei 2023;Banjir;1;42;;3;6
2023;Pasirwangi;Padaawas;04 Mei 2023;Tanah Longsor;1;;;;
2023;Cilawu;Sukamaju;04 Mei 2023;Lain-Lain;1;;;;
2023;Tarogong Kidul;Sukajaya;04 Mei 2023;Tanah Longsor;1;6;;;2
2023;Sukaresmi;Sukajaya;04 Mei 2023;Tanah Longsor;1;;;;
2023;Selaawi;Cirapuhan;04 Mei 2023;Tanah Longsor;1;;;;
2023;Cilawu;Sukamaju;05 Mei 2023;Tanah Longsor;1;;;;
2023;Samarang;Cisarua;06 Mei 2023;Tanah Longsor;1;172;;5;
2023;Sucinaraja;Cigadog;07 Mei 2023 ;Tanah Longsor;1;16;1;;
2023;Tarogong Kidul;Haurpanggung;24 Mei 2023;Kebakaran Rumah;1;;;;
2023;Leuwigoong;Leuwigoong;02 Juni 2023;Orang Tenggelam;1;;;;
2023;Pamulihan;Pakenjeng;05 Juni 2023;Kebakaran Rumah;1;1;1;;
2023;Leuwigoong;Dungusiku;06 Juni 2023 ;Kebakaran Rumah;1;_;3;;
2023;Karangpawitan;Situsaeur;07 Juni 203;Kebakaran Rumah;1;;1;;
2023;Pasirwangi;Talaga;07 Juni 2023 ;Tanah Longsor;1;;;;
2023;Pasirwangi;Pasirwangi;10 Juni 2023 ;Tanah Longsor;1;;;;
2023;Banyuresmi;Karyasari;11 Juni 2023;Kebakaran Rumah;1;2;1;;
2023;Samarang;Tanjungkarya;11 Juni 2023;Kebakaran Rumah;1;1;1;;
2023;Singajaya;Sukawangi;13 Juni 2023;Tanah Longsor;1;3;;1;
2023;Singajaya;Singajaya;13 Juni 2023;Kebakaran Rumah;1;;;;1
2023;Bungbulang;Bojong;14 Juni 2023;Kebakaran Rumah;1;;;1;1
2023;Selaawi;Samida;26 Juni 2023;Cuaca Ekstrim;1;5;;;
2023;Garut Kota ;Muarasanding;21 Juni 2023;Tanah Longsor;1;;;;
2023;Cibalong;Simpang;07 Juli 2023;Tanah Longsor;1;36;;;1
2023;Singajaya;Pancasura;07 Juli 2023;Tanah Longsor;1;2;;;1
2023;Singajaya;Singajaya;7 Juli 2023;Tanah Longsor;1;4;;;1
2023;Singajaya;Girimukti;7 Juli 2023;Cuaca Ekstrim;1;12;1;;2
2023;Cilawu;Cilawu;7 Juli 2023;Tanah Longsor;1;;;;
2023;Cilawu;Sukamaju;7 Juli 2023;Tanah Longsor;1;4;;;
2023;Peundeuy;Sukanagara;8 Juli 2023;Tanah Longsor;1;1;;;
2023;Banjarwangi;Dangiang;9 Juli 2023;Tanah Longsor;1;7;;;2
2023;Malangbong;Citeras;28 Juli 2023;Kekeringan;1;;;;
2023;Tarogong Kaler;Rancabango;03 Agustus 2023;Kebakaran Hutan;1;;;;
2023;Cigedug;Cintanagara;18 Agusutus 2023 ;Kekeringan;1;970;;;
2023;Tarogong Kaler;Rancabango;19 Agustus 2023 ;Kebakaran Hutan;1;;;;
2023;Tarogong Kaler;Cimanganteun;22 Agustus 2023;Kebakaran Hutan;1;;;;
2023;Peundeuy;Peundeuy;27 Agustus 2023 ;Tanah Longsor;1;36;;;
2023;Banjarwangi;Banjarwangi;28 Agustus 2023;Tanah Longsor;1;;;;
2023;Banjarwangi;Banjarwangi;28 Agustus 2023 ;Tanah Longsor;1;;;;
2023;Cigedug;Sindangsari;29/08/2023;Kekeringan;1;7858;;;
2023;Cigedug;Cintanagara;29/08/2023;Kekeringan;1;3647;;;
2023;Malangbong;Citeras;29/08/2023;Kekeringan;1;783;;;
2023;Malangbong;Cibunar;30/08/2023;Kekeringan;1;786;;;
2023;Malangbong;Sukajaya;31/08/2023;Kekeringan;1;2556;;;
2023;Malangbong;Sukawayana;31/08/2023;Kekeringan;1;939;;;
2023;Malangbong;Cilampuyang;31/08/2023;Kekeringan;1;750;;;
2023;Pakenjeng;Talagawangi;31/08/2023;Kekeringan;1;;;;
2023;Pakenjeng;Depok;31/08/2023;Kekeringan;1;1890;;;
2023;Pakenjeng;Wangunjaya;31/08/2023;Kekeringan;1;;;;
2023;Peundeuy;Toblog;31/08/2023;Kekeringan;1;1340;;;
2023;Peundeuy;Pangrumasan;31/08/2023;Kekeringan;1;450;;;
2023;Peundeuy;Peundeuy;02/09/2023;Kekeringan;1;575;;;
2023;Peundeuy;Saribakti;03/09/2023;Kekeringan;1;2865;;;
2023;Sukawening;Sukasono;04/09/2023;Kekeringan;1;600;;;
2023;Sukawening;Sukaluyu;05/09/2023;Kekeringan;1;1572;;;
2023;Sukawening;Sukahaji;06/09/2023;Kekeringan;1;405;;;
2023;Sukawening;Maripari;07/09/2023;Kekeringan;1;870;;;
2023;Pamengpeuk;Bojong Kidul;08/09/2023;Kekeringan;1;22;;;
2023;Pamengpeuk;Bojong ;09/09/2023;Kekeringan;1;410;;;
2023;B. Limbangan;Limbangan timur;10/09/2023;Kekeringan;1;555;;;
2023;B. Limbangan;Limbangan Tengah;11/09/2023;Kekeringan;1;255;;;
2023;B. Limbangan;Ciwangi;12/09/2023;Kekeringan;1;150;;;
2023;Kadungora;Hengarsari;13/09/2023;Kekeringan;1;1500;;;
2023;Kadungora;Kadungora;14/09/2023;Kekeringan;1;300;;;
2023;Kadungora;Cisaat ;15/09/2023;Kekeringan;1;150;;;
2023;Kadungora;Harumansari;16/09/2023;Kekeringan;1;240;;;
2023;Cikelet;Cijambe;17/09/2023;Kekeringan;1;300;;;
2023;Cikelet;Cigadog;18/09/2023;Kekeringan;1;241;;;
2023;Cilawu;Dawungsari;19/09/2023;Kekeringan;1;640;;;
2023;Cilawu;Cilawu;20/09/2023;Kekeringan;1;668;;;
2023;Pasirwangi;Padamukti;21/09/2023;Kekeringan;1;324;;;
2023;Pasirwangi;Sarimukti;22/09/2023;Kekeringan;1;2115;;;
2023;Pasirwangi;Barusari;23/09/2023;Kekeringan;1;480;;;
2023;Pasirwangi;Pasirkiamis;24/09/2023;Kekeringan;1;1278;;;
2023;Pasirwangi;Pasirwangi;25/09/2023;Kekeringan;1;60;;;
2023;Selaawi;Cigawir;26/09/2023;Kekeringan;1;750;;;
2023;Sucinaraja;Sukalaksana;27/09/2023;Kekeringan;1;2255;;;
2023;Cibiuk;Cibiuk Kaler;28/09/2023;Kekeringan;1;1608;;;
2023;Cibiuk;Cipareuan;29/09/2023;Kekeringan;1;465;;;
2023;Singajaya;Ciudian;30/09/2023;Kekeringan;1;360;;;
2023;Singajaya;Cigintung;30/09/2023;Kekeringan;1;374;;;
2023;Singajaya;Pancasura;30/09/2023;Kekeringan;1;153;;;
2023;Singajaya;Singajaya;30/09/2023;Kekeringan;1;178;;;
2023;Singajaya;Sukamulya;30/09/2023;Kekeringan;1;177;;;
2023;Singajaya;Sukawangi;30/09/2023;Kekeringan;1;445;;;
2023;Caringin;Cimahi;30/09/2023;Kekeringan;1;1920;;;
2023;Caringin;Purbayani;30/09/2023;Kekeringan;1;4460;;;
2023;Caringin;Samuderajaya;30/09/2023;Kekeringan;1;3460;;;
2023;Caringin;Indralayang;30/09/2023;Kekeringan;1;3485;;;
2023;Kersamanah;Nanjungjaya;30/09/2023;Kekeringan;1;10251;;;
2023;Kersamanah;Kersamanah;30/09/2023;Kekeringan;1;2011;;;
2023;Kersamanah;Sukamaju;30/09/2023;Kekeringan;1;2368;;;
2023;Cisompet;Panyindangan;30/09/2023;Kekeringan;1;4062;;;
2023;Cisompet;Depok;30/09/2023;Kekeringan;1;459;;;
2023;Cisompet;Sukamukti;30/09/2023;Kekeringan;1;1044;;;
2023;Cisompet;Cisompet;30/09/2023;Kekeringan;1;1200;;;
2023;Cisompet;Cihaurkuning;30/09/2023;Kekeringan;1;1704;;;
2023;Cisompet;Sukanagara;30/09/2023;Kekeringan;1;763;;;
2023;Karangpawitan;Godog;30/09/2023;Kekeringan;1;180;;;
2023;Karangpawitan;Situgede;30/09/2023;Kekeringan;1;540;;;
2023;Karangpawitan;Karangpawitan;30/09/2023;Kekeringan;1;360;;;
2023;Karangpawitan;Lengkongjaya;30/09/2023;Kekeringan;1;390;;;
2023;Karangpawitan;Mekarsari;30/09/2023;Kekeringan;1;495;;;
2023;Karangpawitan;Sindanglaya;30/09/2023;Kekeringan;1;750;;;
2023;Tarogong Kaler;Pasawahan;30/09/2023;Kebakaran Hutan;1;;;;
2023;Tarogong Kaler;Mekarjaya;30/09/2023;Kebakaran Hutan;1;;;;
2023;Sukawening;Sukaluyu;30/09/2023;Kebakaran Hutan;1;;;;
2023;Cibatu;Wanakerta;30/09/2023;Kebakaran Hutan;1;;;;
2023;Cibatu;Karyamukti;30/09/2023;Kebakaran Hutan;1;;;;
2023;Garut Kota;Sukakarya;01 Oktober 2023;Kebakaran Rumah;1;;;;
2023;Malangbong;Cinagara;03 Oktober 2023;Tanah Longsor;1;;;;
2023;Samarang;Sukarasa;04 Oktober 2023;Kebakaran Hutan;1;;;;
2023;Peundeuy;Peundeuy;5 Oktober 2023;Cuaca Ekstrim;1;;;;
2023;Cilawu;Sukamurni;17 Oktober 2023;Pergerakan Tanah;1;;;;
2023;Sucinaraja;TegalPanjang;17 Oktober 2023;Pergerakan Tanah;1;;;;
2023;Limbangan;Dunguswiru;18 Oktober 2023;Anging Puting Beliung;1;;;;
2023;Cisurupan;Situsari;19 Oktober 2023;Gempa Bumi;1;;;;
2023;Bayongbong;Sukareme;21 Oktober 2023;TPT Ambruk;1;;;;
2023;Cisurupan;G. Papandayan;22 Oktober 2023;Kebakaran Hutan;1;;;;
2023;Garut Kota;Muarasanding;01/11/2023;Cuaca Ekstrim;1;;;;
2023;Tarogong Kidul;Sukabakti;03/11/2023;Angin Puting Beliung;1;16;;;
2023;Cilawu;Kolot;03/11/2023;Tanah Longsor;1;5;;;
2023;Tarogong Kidul;Jayawaras;05/11/2023;Cuaca Ekstrim;1;;;;
2023;Bungbulang;Bungbulang;12/11/2023;Tanah Longsor;1;;;;
2023;Cisewu;Pamalayan;12/11/2023;Tanah Longsor;1;4;;;
2023;Cisewu;Sukajaya;12/11/2023;Tanah Longsor;1;;;;
2023;Bungbulang;Wangunjaya;14/11/2023;Tanah Longsor;1;;;;
2023;Cibalong;Maroko;15/11/2023;Tanah Longsor;5;29;;;
2023;Cibalong;Najaten;15/11/2023;Tanah Longsor;3;136;;;
2023;Cibalong;Najaten;00/01/1900;Banjir;1;122;;;
2023;Cibalong;Simpang;15/11/2023;Tanah Longsor;3;21;;;
2023;Cibalong;Sancang;15/11/2023;Tanah Longsor;1;;;;
2023;Singajaya;Mekartani;16/11/2023;Tanah Longsor;1;43;;;
2023;Tarogong Kidul;Sukajaya;16/11/2023;Tanah Longsor;1;;;;
2023;Pamulihan;Garumukti;30/11/2023;Tanah Longsor;1;;;;
2023;Wanaraja;Cinunuk;30/11/2023;Tanah Longsor;1;8;;;
2023;Sukawening;Sudalarang;30/11/2023;Cuaca Ekstrim;1;;;;
2023;Tarogong Kaler;Sirnajaya;30/11/2023;Banjir;1;10;;;
2023;Cikajang;Cipangramatan;30/11/2023;Tanah Longsor;1;5;;;
2023;Karangpawitan;Jatisari;30/11/2023;Cuaca Ekstrim;1;3;;;
2023;Banjarwangi;Tanjungjaya;30/11/2023;Tanah Longsor;1;;;;
2023;Bungbulang;Mekarbakti;30/11/2023;Tanah Longsor;1;;;;
2023;Bungbulang;Cihikeu;30/11/2023;Tanah Longsor;1;;;;
2023;Bungbulang;Bojong;30/11/2023;Tanah Longsor;1;;;;
2023;Karangtengah;Cintamanik;30/11/2023;Tanah Longsor;1;;;;
2023;Cisompet;Neglasari;30/11/2023;Tanah Longsor;1;6;;;
2023;Pakenjeng;Sukamulya;30/11/2023;Tanah Longsor;1;10;;;
2023;Pakenjeng;Sukamulya;30/11/2023;Tanah Longsor;1;;;;
2023;Pakenjeng;Depok;30/11/2023;Tanah Longsor;1;;;;
2023;Pakenjeng;Wangunjaya;30/11/2023;Tanah Longsor;1;;;;
2023;Cilawu;Sukamurni;30/11/2023;Tanah Longsor;1;6;;;
2023;Cihurip;Cihurip;30/11/2023;Cuaca Ekstrim;1;;;;
2023;Cisompet;Neglasari;01/12/2023;Tanah Longsor;1;6;;;
2023;Cihurip;Cihurip;01/12/2023;Tanah Longsor;1;21;;;
2023;Singajaya;Ciudian;01/12/2023;Tanah Longsor;1;;;;
2023;Singajaya;Karangagung;01/12/2023;Tanah Longsor;1;;;;
2023;Sukaresmi;Padamukti;01/12/2023;Tanah Longsor;1;;;;
2023;Malangbong;Cikarag;01/12/2023;Tanah Longsor;1;;;;
2023;Banjarwangi;Tanjungjaya;01/12/2023;Tanah Longsor;1;;;;
2023;Karangpawitan;Jatisari;01/12/2023;Cuaca Ekstrim;1;3;;1;
2023;Cisurupan;Tambakjaya;04/12/2023;Cuaca Ekstrim;1;6;;;
